[2026-02-11 16:36:57] [INFO] Starting ZeroCardinal...
[2026-02-11 16:36:57] [INFO] OrderManager started (DB Mode)
[2026-02-11 16:36:57] [INFO] Initializing database at C:\Users\mrmal\Desktop\projects\java\ZeroCardinal\FpCardinal\shared\data.db
[2026-02-11 16:36:57] [INFO] Database tables verified.
[2026-02-11 16:36:57] [INFO] Loaded 1 dialogs and 0 pending orders
[2026-02-11 16:36:57] [INFO] Connecting to server...
[2026-02-11 16:36:58] [INFO] [CHAT] [✾] Успешная авторизация! Приятной игры!
[2026-02-11 16:36:58] [INFO] Auth successful. Joining Anarchy 401...
[2026-02-11 16:36:58] [INFO] Bot ZeroCardinal logged in.
[2026-02-11 16:36:58] [INFO] [CHAT] ╔════ ★ SpookyTime.net ★ ════╗
║ 
║  Добро пожаловать на SpookyTime
║  Наши социальные сети — /links
║  Приятной игры и новых побед!
║ 
╚══════════════════════╝
[2026-02-11 16:36:58] [INFO] Auth successful. Joining Anarchy 401...
[2026-02-11 16:36:59] [INFO] Bot spawned.
[2026-02-11 16:37:00] [INFO] [CHAT] Уже подключаемся на этот сервер!
[2026-02-11 16:37:00] [INFO] Bot ZeroCardinal logged in.
[2026-02-11 16:37:01] [INFO] Bot spawned.
[2026-02-11 16:37:01] [INFO] [CHAT] ** ! Внимание !
** Чтобы ваш Аккаунт был в БЕЗОПАСНОСТИ!
** Привяжите его к ВК: /vk
** Или к Телеграм: /tg

** ! Внимание !
** Чтобы ваш Аккаунт был в БЕЗОПАСНОСТИ!
** Привяжите его к ВК: /vk
** Или к Телеграм: /tg
[2026-02-11 16:41:10] [INFO] Starting ZeroCardinal...
[2026-02-11 16:41:10] [INFO] OrderManager started (DB Mode)
[2026-02-11 16:41:10] [INFO] Initializing database at C:\Users\mrmal\Desktop\projects\java\ZeroCardinal\FpCardinal\shared\data.db
[2026-02-11 16:41:10] [INFO] Database tables verified.
[2026-02-11 16:41:10] [INFO] Loaded 1 dialogs and 0 pending orders
[2026-02-11 16:41:10] [INFO] Connecting to server...
[2026-02-11 16:41:10] [INFO] [CHAT] [✾] Успешная авторизация! Приятной игры!
[2026-02-11 16:41:10] [INFO] Auth successful. Joining Anarchy 401...
[2026-02-11 16:41:10] [INFO] Bot ZeroCardinal logged in.
[2026-02-11 16:41:10] [INFO] [CHAT] ╔════ ★ SpookyTime.net ★ ════╗
║ 
║  Добро пожаловать на SpookyTime
║  Наши социальные сети — /links
║  Приятной игры и новых побед!
║ 
╚══════════════════════╝
[2026-02-11 16:41:10] [INFO] Auth successful. Joining Anarchy 401...
[2026-02-11 16:41:10] [INFO] Bot spawned.
[2026-02-11 16:41:12] [INFO] [CHAT] Уже подключаемся на этот сервер!
[2026-02-11 16:41:12] [INFO] Bot ZeroCardinal logged in.
[2026-02-11 16:41:12] [INFO] Bot spawned.
[2026-02-11 16:41:13] [INFO] [CHAT] ** ! Внимание !
** Чтобы ваш Аккаунт был в БЕЗОПАСНОСТИ!
** Привяжите его к ВК: /vk
** Или к Телеграм: /tg

** ! Внимание !
** Чтобы ваш Аккаунт был в БЕЗОПАСНОСТИ!
** Привяжите его к ВК: /vk
** Или к Телеграм: /tg
[2026-02-11 16:45:40] [INFO] Starting ZeroCardinal...
[2026-02-11 16:45:40] [INFO] OrderManager started (DB Mode + Socket)
[2026-02-11 16:45:40] [INFO] Initializing database at C:\Users\mrmal\Desktop\projects\java\ZeroCardinal\FpCardinal\shared\data.db
[2026-02-11 16:45:40] [INFO] Database tables verified.
[2026-02-11 16:45:40] [INFO] Loaded 1 dialogs and 0 pending orders
[2026-02-11 16:45:40] [INFO] Connecting to server...
[2026-02-11 16:45:40] [INFO] Socket Server listening on port 19132
[2026-02-11 16:45:41] [INFO] [CHAT] [✾] Успешная авторизация! Приятной игры!
[2026-02-11 16:45:41] [INFO] Auth successful. Joining Anarchy 401...
[2026-02-11 16:45:41] [INFO] Bot ZeroCardinal logged in.
[2026-02-11 16:45:41] [INFO] [CHAT] ╔════ ★ SpookyTime.net ★ ════╗
║ 
║  Добро пожаловать на SpookyTime
║  Наши социальные сети — /links
║  Приятной игры и новых побед!
║ 
╚══════════════════════╝
[2026-02-11 16:45:41] [INFO] Auth successful. Joining Anarchy 401...
[2026-02-11 16:45:41] [INFO] Bot spawned.
[2026-02-11 16:45:43] [INFO] [CHAT] Уже подключаемся на этот сервер!
[2026-02-11 16:45:43] [INFO] Bot ZeroCardinal logged in.
[2026-02-11 16:45:43] [INFO] Bot spawned.
[2026-02-11 16:45:44] [INFO] [CHAT] ** ! Внимание !
** Чтобы ваш Аккаунт был в БЕЗОПАСНОСТИ!
** Привяжите его к ВК: /vk
** Или к Телеграм: /tg

** ! Внимание !
** Чтобы ваш Аккаунт был в БЕЗОПАСНОСТИ!
** Привяжите его к ВК: /vk
** Или к Телеграм: /tg
[2026-02-11 17:01:43] [INFO] Starting ZeroCardinal...
[2026-02-11 17:01:43] [INFO] OrderManager started (DB Mode + Socket)
[2026-02-11 17:01:43] [INFO] Initializing database at C:\Users\mrmal\Desktop\projects\java\ZeroCardinal\FpCardinal\shared\data.db
[2026-02-11 17:01:43] [INFO] Database tables verified.
[2026-02-11 17:01:43] [INFO] Loaded 1 dialogs and 0 pending orders
[2026-02-11 17:01:44] [INFO] Connecting to server...
[2026-02-11 17:01:44] [INFO] Socket Server listening on port 19132
[2026-02-11 17:01:44] [INFO] Web Dashboard running at http://localhost:3000
[2026-02-11 17:01:44] [INFO] [CHAT] [✾] Успешная авторизация! Приятной игры!
[2026-02-11 17:01:44] [INFO] Auth successful. Joining Anarchy 401...
[2026-02-11 17:01:44] [INFO] Bot ZeroCardinal logged in.
[2026-02-11 17:01:44] [INFO] [CHAT] ╔════ ★ SpookyTime.net ★ ════╗
║ 
║  Добро пожаловать на SpookyTime
║  Наши социальные сети — /links
║  Приятной игры и новых побед!
║ 
╚══════════════════════╝
[2026-02-11 17:01:44] [INFO] Auth successful. Joining Anarchy 401...
[2026-02-11 17:01:45] [INFO] Bot spawned.
[2026-02-11 17:01:46] [INFO] [CHAT] Уже подключаемся на этот сервер!
[2026-02-11 17:01:46] [INFO] Bot ZeroCardinal logged in.
[2026-02-11 17:01:47] [INFO] Bot spawned.
[2026-02-11 17:01:47] [INFO] [CHAT] ** ! Внимание !
** Чтобы ваш Аккаунт был в БЕЗОПАСНОСТИ!
** Привяжите его к ВК: /vk
** Или к Телеграм: /tg

** ! Внимание !
** Чтобы ваш Аккаунт был в БЕЗОПАСНОСТИ!
** Привяжите его к ВК: /vk
** Или к Телеграм: /tg
[2026-02-11 17:01:51] [INFO] [CHAT] Ⓛ [Элита] Sget1337 ⇨ w
[2026-02-11 17:03:08] [INFO] Starting ZeroCardinal...
[2026-02-11 17:03:08] [INFO] OrderManager started (DB Mode + Socket)
[2026-02-11 17:03:08] [INFO] Initializing database at C:\Users\mrmal\Desktop\projects\java\ZeroCardinal\FpCardinal\shared\data.db
[2026-02-11 17:03:08] [INFO] Database tables verified.
[2026-02-11 17:03:08] [INFO] Loaded 1 dialogs and 0 pending orders
[2026-02-11 17:03:08] [INFO] Connecting to server...
[2026-02-11 17:03:08] [INFO] Socket Server listening on port 19132
[2026-02-11 17:03:08] [INFO] Web Dashboard running at http://localhost:3000
[2026-02-11 17:03:08] [INFO] [CHAT] [✾] Успешная авторизация! Приятной игры!
[2026-02-11 17:03:08] [INFO] Auth successful. Joining Anarchy 401...
[2026-02-11 17:03:08] [INFO] Bot ZeroCardinal logged in.
[2026-02-11 17:03:08] [INFO] [CHAT] ╔════ ★ SpookyTime.net ★ ════╗
║ 
║  Добро пожаловать на SpookyTime
║  Наши социальные сети — /links
║  Приятной игры и новых побед!
║ 
╚══════════════════════╝
[2026-02-11 17:03:08] [INFO] Auth successful. Joining Anarchy 401...
[2026-02-11 17:03:09] [INFO] Bot spawned.
[2026-02-11 17:03:10] [INFO] [CHAT] Уже подключаемся на этот сервер!
[2026-02-11 17:03:11] [INFO] Bot ZeroCardinal logged in.
[2026-02-11 17:03:11] [INFO] Bot spawned.
[2026-02-11 17:03:11] [INFO] [CHAT] ** ! Внимание !
** Чтобы ваш Аккаунт был в БЕЗОПАСНОСТИ!
** Привяжите его к ВК: /vk
** Или к Телеграм: /tg

** ! Внимание !
** Чтобы ваш Аккаунт был в БЕЗОПАСНОСТИ!
** Привяжите его к ВК: /vk
** Или к Телеграм: /tg
[2026-02-11 17:03:26] [INFO] [CHAT] [$] Ваш баланс: $8,268,139
[2026-02-11 17:03:28] [INFO] [CHAT] [$] Ваш баланс: $8,268,139
[2026-02-11 17:03:30] [INFO] [CHAT] [$] Ваш баланс: $8,268,139
[2026-02-11 17:03:32] [INFO] [CHAT] [$] Ваш баланс: $8,268,139
[2026-02-11 17:03:34] [INFO] [CHAT] [$] Ваш баланс: $8,268,139
[2026-02-11 17:03:36] [INFO] [CHAT] [$] Ваш баланс: $8,268,139
[2026-02-11 17:03:38] [INFO] [CHAT] [$] Ваш баланс: $8,268,139
[2026-02-11 17:03:40] [INFO] [CHAT] [$] Ваш баланс: $8,268,139
[2026-02-11 17:03:42] [INFO] [CHAT] [$] Ваш баланс: $8,268,139
[2026-02-11 17:03:44] [INFO] [CHAT] [$] Ваш баланс: $8,268,139
[2026-02-11 17:03:46] [INFO] [CHAT] [$] Ваш баланс: $8,268,139
[2026-02-11 17:03:48] [INFO] [CHAT] [$] Ваш баланс: $8,268,139
[2026-02-11 17:03:50] [INFO] [CHAT] [$] Ваш баланс: $8,268,139
[2026-02-11 17:03:52] [INFO] [CHAT] [$] Ваш баланс: $8,268,139
[2026-02-11 17:03:54] [INFO] [CHAT] [$] Ваш баланс: $8,268,139
[2026-02-11 17:03:56] [INFO] [CHAT] [$] Ваш баланс: $8,268,139
[2026-02-11 17:03:58] [INFO] [CHAT] [$] Ваш баланс: $8,268,139
[2026-02-11 17:04:00] [INFO] [CHAT] [$] Ваш баланс: $8,268,139
[2026-02-11 17:04:02] [INFO] [CHAT] [$] Ваш баланс: $8,268,139
[2026-02-11 17:04:04] [INFO] [CHAT] [$] Ваш баланс: $8,268,139
[2026-02-11 17:04:06] [INFO] [CHAT] [$] Ваш баланс: $8,268,139
[2026-02-11 17:04:08] [INFO] [CHAT] [$] Ваш баланс: $8,268,139
[2026-02-11 17:04:10] [INFO] [CHAT] [$] Ваш баланс: $8,268,139
[2026-02-11 17:04:12] [INFO] [CHAT] [$] Ваш баланс: $8,268,139
[2026-02-11 17:04:13] [INFO] [CHAT] Ⓖ [Глава] flozeriks_oficia ⇨ ща приду скоро
[2026-02-11 17:04:14] [INFO] [CHAT] [$] Ваш баланс: $8,268,139
[2026-02-11 17:04:16] [INFO] [CHAT] [$] Ваш баланс: $8,268,139
[2026-02-11 17:04:18] [INFO] [CHAT] [$] Ваш баланс: $8,268,139
[2026-02-11 17:04:20] [INFO] [CHAT] [$] Ваш баланс: $8,268,139
[2026-02-11 17:04:22] [INFO] [CHAT] [$] Ваш баланс: $8,268,139
[2026-02-11 17:04:24] [INFO] [CHAT] [$] Ваш баланс: $8,268,139
[2026-02-11 17:04:25] [INFO] [CHAT] Ⓖ [Глава] flozeriks_oficia ⇨ баран
[2026-02-11 17:04:26] [INFO] [CHAT] [$] Ваш баланс: $8,268,139
[2026-02-11 17:04:28] [INFO] [CHAT] [$] Ваш баланс: $8,268,139
[2026-02-11 17:04:30] [INFO] [CHAT] [$] Ваш баланс: $8,268,139
[2026-02-11 17:04:32] [INFO] [CHAT] [$] Ваш баланс: $8,268,139
[2026-02-11 17:04:34] [INFO] [CHAT] [$] Ваш баланс: $8,268,139
[2026-02-11 17:04:35] [INFO] [CHAT] Ⓖ [Игрок] KOHKYPC_DONAT210 ⇨ all появился НОВЫЙ tgк Sponke_dk там происходит МАСШТАБНЫЙ РОЗЫГРЫШ на кейсы
[2026-02-11 17:04:35] [INFO] [CHAT] Ⓖ [Глава] flozeriks_oficia ⇨ ахахах
[2026-02-11 17:04:36] [INFO] [CHAT] [$] Ваш баланс: $8,268,139
[2026-02-11 17:04:38] [INFO] [CHAT] [$] Ваш баланс: $8,268,139
[2026-02-11 17:04:40] [INFO] [CHAT] [$] Ваш баланс: $8,268,139
[2026-02-11 17:04:42] [INFO] [CHAT] [$] Ваш баланс: $8,268,139
[2026-02-11 17:04:44] [INFO] [CHAT] [$] Ваш баланс: $8,268,139
[2026-02-11 17:04:46] [INFO] [CHAT] [$] Ваш баланс: $8,268,139
[2026-02-11 17:04:48] [INFO] [CHAT] [$] Ваш баланс: $8,268,139
[2026-02-11 17:04:48] [INFO] [CHAT] ╔
[2026-02-11 17:04:48] [INFO] [CHAT] ╠                  !!! ВАЖНО !!!
[2026-02-11 17:04:48] [INFO] [CHAT] ╠ Получите 2,000 Токенов за привязку к
[2026-02-11 17:04:48] [INFO] [CHAT] ╠ ВКонтакте и Телеграму!
[2026-02-11 17:04:48] [INFO] [CHAT] ╠
[2026-02-11 17:04:48] [INFO] [CHAT] ╠ Подробнее: /tg (Привязка к ТГ)
[2026-02-11 17:04:48] [INFO] [CHAT] ╠ Подробнее: /vk (Привязка к ВК)
[2026-02-11 17:04:48] [INFO] [CHAT] ╚
[2026-02-11 17:04:50] [INFO] [CHAT] [$] Ваш баланс: $8,268,139
[2026-02-11 17:04:52] [INFO] [CHAT] [$] Ваш баланс: $8,268,139
[2026-02-11 17:04:54] [INFO] [CHAT] [$] Ваш баланс: $8,268,139
[2026-02-11 17:04:56] [INFO] [CHAT] [$] Ваш баланс: $8,268,139
[2026-02-11 17:04:58] [INFO] [CHAT] [$] Ваш баланс: $8,268,139
[2026-02-11 17:05:00] [INFO] [CHAT] [$] Ваш баланс: $8,268,139
[2026-02-11 17:05:02] [INFO] [CHAT] [$] Ваш баланс: $8,268,139
[2026-02-11 17:05:04] [INFO] [CHAT] [$] Ваш баланс: $8,268,139
[2026-02-11 17:05:06] [INFO] [CHAT] [$] Ваш баланс: $8,268,139
[2026-02-11 17:05:08] [INFO] [CHAT] [$] Ваш баланс: $8,268,139
[2026-02-11 17:05:10] [INFO] [CHAT] [$] Ваш баланс: $8,268,139
[2026-02-11 17:05:12] [INFO] [CHAT] [$] Ваш баланс: $8,268,139
[2026-02-11 17:05:14] [INFO] [CHAT] [$] Ваш баланс: $8,268,139
[2026-02-11 17:05:16] [INFO] [CHAT] [$] Ваш баланс: $8,268,139
[2026-02-11 17:05:18] [INFO] [CHAT] [$] Ваш баланс: $8,268,139
[2026-02-11 17:05:20] [INFO] [CHAT] [$] Ваш баланс: $8,268,139
[2026-02-11 17:05:22] [INFO] [CHAT] [$] Ваш баланс: $8,268,139
[2026-02-11 17:05:24] [INFO] [CHAT] [$] Ваш баланс: $8,268,139
[2026-02-11 17:05:26] [INFO] [CHAT] [$] Ваш баланс: $8,268,139
[2026-02-11 17:05:28] [INFO] [CHAT] [$] Ваш баланс: $8,268,139
[2026-02-11 17:05:30] [INFO] [CHAT] [$] Ваш баланс: $8,268,139
[2026-02-11 17:05:32] [INFO] [CHAT] [$] Ваш баланс: $8,268,139
[2026-02-11 17:05:34] [INFO] [CHAT] [$] Ваш баланс: $8,268,139
[2026-02-11 17:05:36] [INFO] [CHAT] [$] Ваш баланс: $8,268,139
[2026-02-11 17:05:38] [INFO] [CHAT] [$] Ваш баланс: $8,268,139
[2026-02-11 17:05:40] [INFO] [CHAT] [$] Ваш баланс: $8,268,139
[2026-02-11 17:05:42] [INFO] [CHAT] [$] Ваш баланс: $8,268,139
[2026-02-11 17:05:44] [INFO] [CHAT] [$] Ваш баланс: $8,268,139
[2026-02-11 17:05:46] [INFO] [CHAT] [$] Ваш баланс: $8,268,139
[2026-02-11 17:05:48] [INFO] [CHAT] [$] Ваш баланс: $8,268,139
[2026-02-11 17:05:50] [INFO] [CHAT] [$] Ваш баланс: $8,268,139
[2026-02-11 17:05:52] [INFO] [CHAT] [$] Ваш баланс: $8,268,139
[2026-02-11 17:05:54] [INFO] [CHAT] [$] Ваш баланс: $8,268,139
[2026-02-11 17:05:56] [INFO] [CHAT] [$] Ваш баланс: $8,268,139
[2026-02-11 17:05:58] [INFO] [CHAT] [$] Ваш баланс: $8,268,139
[2026-02-11 17:05:59] [INFO] Stopping...
[2026-02-11 17:06:06] [INFO] Starting ZeroCardinal...
[2026-02-11 17:06:06] [INFO] OrderManager started (DB Mode + Socket)
[2026-02-11 17:06:06] [INFO] Initializing database at C:\Users\mrmal\Desktop\projects\java\ZeroCardinal\FpCardinal\shared\data.db
[2026-02-11 17:06:06] [INFO] Database tables verified.
[2026-02-11 17:06:06] [INFO] Loaded 1 dialogs and 0 pending orders
[2026-02-11 17:06:06] [INFO] Connecting to server...
[2026-02-11 17:06:06] [INFO] Socket Server listening on port 19132
[2026-02-11 17:06:06] [INFO] Web Dashboard running at http://localhost:3000
[2026-02-11 17:06:07] [INFO] [CHAT] [✾] Успешная авторизация! Приятной игры!
[2026-02-11 17:06:07] [INFO] Auth successful. Joining Anarchy 401...
[2026-02-11 17:06:07] [INFO] Bot ZeroCardinal logged in.
[2026-02-11 17:06:07] [INFO] [CHAT] ╔════ ★ SpookyTime.net ★ ════╗
║ 
║  Добро пожаловать на SpookyTime
║  Наши социальные сети — /links
║  Приятной игры и новых побед!
║ 
╚══════════════════════╝
[2026-02-11 17:06:07] [INFO] Auth successful. Joining Anarchy 401...
[2026-02-11 17:06:08] [INFO] Bot spawned.
[2026-02-11 17:06:10] [INFO] Bot ZeroCardinal logged in.
[2026-02-11 17:06:10] [INFO] [CHAT] Вы уже подключены на этот сервер!
[2026-02-11 17:06:10] [INFO] Bot spawned.
[2026-02-11 17:06:10] [INFO] [CHAT] ** ! Внимание !
** Чтобы ваш Аккаунт был в БЕЗОПАСНОСТИ!
** Привяжите его к ВК: /vk
** Или к Телеграм: /tg

** ! Внимание !
** Чтобы ваш Аккаунт был в БЕЗОПАСНОСТИ!
** Привяжите его к ВК: /vk
** Или к Телеграм: /tg
[2026-02-11 17:06:12] [INFO] [CHAT] [$] Ваш баланс: $8,268,139
[2026-02-11 17:06:12] [INFO] [CHAT] [$] Ваш баланс: $8,268,139
[2026-02-11 17:06:12] [INFO] [CHAT] [$] Ваш баланс: $8,268,139
[2026-02-11 17:06:14] [INFO] [CHAT] [$] Ваш баланс: $8,268,139
[2026-02-11 17:06:16] [INFO] [CHAT] [$] Ваш баланс: $8,268,139
[2026-02-11 17:06:18] [INFO] [CHAT] [$] Ваш баланс: $8,268,139
[2026-02-11 17:06:20] [INFO] [CHAT] [$] Ваш баланс: $8,268,139
[2026-02-11 17:06:21] [INFO] [CHAT] [$] Ваш баланс: $8,268,139
[2026-02-11 17:06:22] [INFO] [CHAT] [$] Ваш баланс: $8,268,139
[2026-02-11 17:06:23] [INFO] [CHAT] [$] Ваш баланс: $8,268,139
[2026-02-11 17:06:25] [INFO] [CHAT] [$] Ваш баланс: $8,268,139
[2026-02-11 17:06:27] [INFO] [CHAT] [$] Ваш баланс: $8,268,139
[2026-02-11 17:06:28] [INFO] [CHAT] ╔══════════════════════════════════
║ > ❤ Игрок никскрыт купил Титан + 60.000 ТК
║ > Теперь он стал намного круче! :)
║ > Покупай и ты на сайте shop.SpookyTime.net
╚══════════════════════════════════
[2026-02-11 17:06:29] [INFO] [CHAT] [$] Ваш баланс: $8,268,139
[2026-02-11 17:06:31] [INFO] [CHAT] [$] Ваш баланс: $8,268,139
[2026-02-11 17:06:33] [INFO] [CHAT] [$] Ваш баланс: $8,268,139
[2026-02-11 17:06:35] [INFO] [CHAT] [$] Ваш баланс: $8,268,139
[2026-02-11 17:06:37] [INFO] [CHAT] [$] Ваш баланс: $8,268,139
[2026-02-11 17:06:39] [INFO] [CHAT] [$] Ваш баланс: $8,268,139
[2026-02-11 17:06:41] [INFO] [CHAT] [$] Ваш баланс: $8,268,139
[2026-02-11 17:06:43] [INFO] [CHAT] [$] Ваш баланс: $8,268,139
[2026-02-11 17:06:45] [INFO] [CHAT] [$] Ваш баланс: $8,268,139
[2026-02-11 17:06:47] [INFO] [CHAT] [$] Ваш баланс: $8,268,139
[2026-02-11 17:06:48] [INFO] [CHAT] ╔
[2026-02-11 17:06:48] [INFO] [CHAT] ╠ У нас очень часто проходят конкурсы
[2026-02-11 17:06:48] [INFO] [CHAT] ╠ Список актуальных конкурсов можно посмотреть:
[2026-02-11 17:06:48] [INFO] [CHAT] ╠ Вводи команду /конкурсы
[2026-02-11 17:06:48] [INFO] [CHAT] ╚
[2026-02-11 17:06:49] [INFO] [CHAT] [$] Ваш баланс: $8,268,139
[2026-02-11 17:06:51] [INFO] [CHAT] [$] Ваш баланс: $8,268,139
[2026-02-11 17:06:53] [INFO] [CHAT] [$] Ваш баланс: $8,268,139
[2026-02-11 17:06:55] [INFO] [CHAT] [$] Ваш баланс: $8,268,139
[2026-02-11 17:06:57] [INFO] [CHAT] [$] Ваш баланс: $8,268,139
[2026-02-11 17:06:59] [INFO] [CHAT] [$] Ваш баланс: $8,268,139
[2026-02-11 17:07:01] [INFO] [CHAT] [$] Ваш баланс: $8,268,139
[2026-02-11 17:07:03] [INFO] [CHAT] [$] Ваш баланс: $8,268,139
[2026-02-11 17:07:05] [INFO] [CHAT] [$] Ваш баланс: $8,268,139
[2026-02-11 17:07:07] [INFO] [CHAT] [$] Ваш баланс: $8,268,139
[2026-02-11 17:07:09] [INFO] [CHAT] [$] Ваш баланс: $8,268,139
[2026-02-11 17:07:11] [INFO] [CHAT] [$] Ваш баланс: $8,268,139
[2026-02-11 17:07:13] [INFO] [CHAT] [$] Ваш баланс: $8,268,139
[2026-02-11 17:07:15] [INFO] [CHAT] [$] Ваш баланс: $8,268,139
[2026-02-11 17:07:17] [INFO] [CHAT] [$] Ваш баланс: $8,268,139
[2026-02-11 17:07:19] [INFO] [CHAT] [$] Ваш баланс: $8,268,139
[2026-02-11 17:07:21] [INFO] [CHAT] [$] Ваш баланс: $8,268,139
[2026-02-11 17:07:23] [INFO] [CHAT] [$] Ваш баланс: $8,268,139
[2026-02-11 17:07:25] [INFO] [CHAT] ╔═════════════════════════════
║ > ❤ Игрок никскрыт купил 10.000 Токенов
║ > Покупай и ты на сайте shop.SpookyTime.net
╚═════════════════════════════
[2026-02-11 17:07:25] [INFO] [CHAT] [$] Ваш баланс: $8,268,139
[2026-02-11 17:07:27] [INFO] [CHAT] [$] Ваш баланс: $8,268,139
[2026-02-11 17:07:29] [INFO] [CHAT] [$] Ваш баланс: $8,268,139
[2026-02-11 17:07:31] [INFO] [CHAT] [$] Ваш баланс: $8,268,139
[2026-02-11 17:07:33] [INFO] [CHAT] [$] Ваш баланс: $8,268,139
[2026-02-11 17:07:35] [INFO] [CHAT] [$] Ваш баланс: $8,268,139
[2026-02-11 17:07:37] [INFO] [CHAT] [$] Ваш баланс: $8,268,139
[2026-02-11 17:07:39] [INFO] [CHAT] [$] Ваш баланс: $8,268,139
[2026-02-11 17:07:41] [INFO] [CHAT] [$] Ваш баланс: $8,268,139
[2026-02-11 17:07:43] [INFO] [CHAT] [$] Ваш баланс: $8,268,139
[2026-02-11 17:07:45] [INFO] [CHAT] [$] Ваш баланс: $8,268,139
[2026-02-11 17:07:47] [INFO] Stopping...
[2026-02-11 17:09:09] [INFO] Starting ZeroCardinal...
[2026-02-11 17:09:09] [INFO] OrderManager started (DB Mode + Socket)
[2026-02-11 17:09:09] [INFO] Initializing database at C:\Users\mrmal\Desktop\projects\java\ZeroCardinal\FpCardinal\shared\data.db
[2026-02-11 17:09:09] [INFO] Database tables verified.
[2026-02-11 17:09:09] [INFO] Loaded 1 dialogs and 0 pending orders
[2026-02-11 17:09:09] [INFO] Connecting to server...
[2026-02-11 17:09:10] [INFO] Socket Server listening on port 19132
[2026-02-11 17:09:10] [INFO] Web Dashboard running at http://localhost:3000
[2026-02-11 17:09:10] [INFO] [CHAT] [✾] Успешная авторизация! Приятной игры!
[2026-02-11 17:09:11] [INFO] Auth successful. Joining Anarchy 401...
[2026-02-11 17:09:11] [INFO] Bot ZeroCardinal logged in.
[2026-02-11 17:09:11] [INFO] [CHAT] ╔════ ★ SpookyTime.net ★ ════╗
║ 
║  Добро пожаловать на SpookyTime
║  Наши социальные сети — /links
║  Приятной игры и новых побед!
║ 
╚══════════════════════╝
[2026-02-11 17:09:11] [INFO] Auth successful. Joining Anarchy 401...
[2026-02-11 17:09:11] [INFO] Bot spawned.
[2026-02-11 17:09:11] [INFO] [CHAT] [⚠] Данной команды не существует!
[2026-02-11 17:09:12] [INFO] [CHAT] [⚠] Данной команды не существует!
[2026-02-11 17:09:13] [INFO] [CHAT] Уже подключаемся на этот сервер!
[2026-02-11 17:09:13] [INFO] Bot ZeroCardinal logged in.
[2026-02-11 17:09:13] [INFO] Bot spawned.
[2026-02-11 17:09:13] [INFO] [CHAT] ** ! Внимание !
** Чтобы ваш Аккаунт был в БЕЗОПАСНОСТИ!
** Привяжите его к ВК: /vk
** Или к Телеграм: /tg

** ! Внимание !
** Чтобы ваш Аккаунт был в БЕЗОПАСНОСТИ!
** Привяжите его к ВК: /vk
** Или к Телеграм: /tg
[2026-02-11 17:09:17] [INFO] [CHAT] [$] Ваш баланс: $8,268,139
[2026-02-11 17:09:24] [INFO] [CHAT] ╔═ Скупщик ══════════════╗
║  Список «Горячих товаров» обновлен!
║  Заработай на товарах введя /buyer
║                   [Открыть]
╚═════════════════════╝
[2026-02-11 17:09:28] [INFO] [CHAT] [$] Ваш баланс: $8,268,139
[2026-02-11 17:09:40] [INFO] [CHAT] [$] Ваш баланс: $8,268,139
[2026-02-11 17:09:50] [INFO] [CHAT] [$] Ваш баланс: $8,268,139
[2026-02-11 17:09:56] [INFO] [CHAT] Ⓛ <kit> [Игрок] Perhic3 ⇨ а ты кактус прое**л?
[2026-02-11 17:10:02] [INFO] [CHAT] [$] Ваш баланс: $8,268,139
[2026-02-11 17:10:05] [INFO] [CHAT] Ⓛ <kit> [Глава] 88889988uuu ⇨ оооо шахта мифическая
[2026-02-11 17:10:10] [INFO] [CHAT] Ⓛ <kit> [Глава] 88889988uuu ⇨ да
[2026-02-11 17:10:14] [INFO] [CHAT] [$] Ваш баланс: $8,268,139
[2026-02-11 17:10:16] [INFO] [CHAT] Ⓛ <kit> [Игрок] Perhic3 ⇨ ну мда
[2026-02-11 17:10:26] [INFO] [CHAT] [$] Ваш баланс: $8,268,139
[2026-02-11 17:10:48] [INFO] [CHAT] ╔
[2026-02-11 17:10:48] [INFO] [CHAT] ╠                  !!! ВАЖНО !!!
[2026-02-11 17:10:48] [INFO] [CHAT] ╠ Получите 2,000 Токенов за привязку к
[2026-02-11 17:10:48] [INFO] [CHAT] ╠ ВКонтакте и Телеграму!
[2026-02-11 17:10:48] [INFO] [CHAT] ╠
[2026-02-11 17:10:48] [INFO] [CHAT] ╠ Подробнее: /tg (Привязка к ТГ)
[2026-02-11 17:10:48] [INFO] [CHAT] ╠ Подробнее: /vk (Привязка к ВК)
[2026-02-11 17:10:48] [INFO] [CHAT] ╚
[2026-02-11 17:10:57] [INFO] [CHAT] [$] Ваш баланс: $8,268,139
[2026-02-11 17:11:03] [INFO] [CHAT] Ⓛ <kit> [Игрок] Perhic3 ⇨ всё можно делать ферму?
[2026-02-11 17:11:15] [INFO] [CHAT] Ⓛ <kit> [Глава] 88889988uuu ⇨ только нужно место норм найти
[2026-02-11 17:11:22] [INFO] [CHAT] Ⓛ <kit> [Игрок] Perhic3 ⇨ тп я скажу
[2026-02-11 17:11:26] [INFO] [CHAT] Ⓛ <kit> [Глава] 88889988uuu ⇨ ок
[2026-02-11 17:11:57] [INFO] [CHAT] [$] Ваш баланс: $8,268,139
[2026-02-11 17:12:43] [INFO] [CHAT] Ⓖ <kit> [Игрок] Perhic3 ⇨ всё
[2026-02-11 17:12:48] [INFO] [CHAT] ╔
[2026-02-11 17:12:48] [INFO] [CHAT] ╠ Мы есть в ВК - vk.com/spookytimenet
[2026-02-11 17:12:48] [INFO] [CHAT] ╚
[2026-02-11 17:12:57] [INFO] [CHAT] [$] Ваш баланс: $8,268,139
[2026-02-11 17:13:05] [INFO] Stopping...
[2026-02-11 17:13:10] [INFO] Starting ZeroCardinal...
[2026-02-11 17:13:10] [INFO] OrderManager started (DB Mode + Socket)
[2026-02-11 17:13:10] [INFO] Initializing database at C:\Users\mrmal\Desktop\projects\java\ZeroCardinal\FpCardinal\shared\data.db
[2026-02-11 17:13:10] [INFO] Database tables verified.
[2026-02-11 17:13:10] [INFO] Loaded 1 dialogs and 0 pending orders
[2026-02-11 17:13:11] [INFO] Connecting to server...
[2026-02-11 17:13:11] [INFO] Socket Server listening on port 19132
[2026-02-11 17:13:11] [INFO] Web Dashboard running at http://localhost:3000
[2026-02-11 17:13:12] [INFO] [CHAT] [✾] Успешная авторизация! Приятной игры!
[2026-02-11 17:13:12] [INFO] Auth successful. Joining Anarchy 401...
[2026-02-11 17:13:12] [INFO] Bot ZeroCardinal logged in.
[2026-02-11 17:13:12] [INFO] [CHAT] ╔════ ★ SpookyTime.net ★ ════╗
║ 
║  Добро пожаловать на SpookyTime
║  Наши социальные сети — /links
║  Приятной игры и новых побед!
║ 
╚══════════════════════╝
[2026-02-11 17:13:12] [INFO] Auth successful. Joining Anarchy 401...
[2026-02-11 17:13:13] [INFO] Bot spawned.
[2026-02-11 17:13:14] [INFO] [CHAT] Уже подключаемся на этот сервер!
[2026-02-11 17:13:15] [INFO] Bot ZeroCardinal logged in.
[2026-02-11 17:13:15] [INFO] Bot spawned.
[2026-02-11 17:13:15] [INFO] [CHAT] ** ! Внимание !
** Чтобы ваш Аккаунт был в БЕЗОПАСНОСТИ!
** Привяжите его к ВК: /vk
** Или к Телеграм: /tg

** ! Внимание !
** Чтобы ваш Аккаунт был в БЕЗОПАСНОСТИ!
** Привяжите его к ВК: /vk
** Или к Телеграм: /tg
[2026-02-11 17:13:33] [INFO] Stopping...
[2026-02-11 17:15:39] [INFO] Starting ZeroCardinal...
[2026-02-11 17:15:39] [INFO] OrderManager started (DB Mode + Socket)
[2026-02-11 17:15:39] [INFO] Initializing database at C:\Users\mrmal\Desktop\projects\java\ZeroCardinal\FpCardinal\shared\data.db
[2026-02-11 17:15:39] [INFO] Database tables verified.
[2026-02-11 17:15:39] [INFO] Loaded 1 dialogs and 0 pending orders
[2026-02-11 17:15:39] [INFO] Connecting to server...
[2026-02-11 17:15:39] [INFO] Socket Server listening on port 19132
[2026-02-11 17:15:39] [INFO] Web Dashboard running at http://localhost:3000
[2026-02-11 17:15:40] [INFO] [CHAT] [✾] Успешная авторизация! Приятной игры!
[2026-02-11 17:15:40] [INFO] Auth successful. Joining Anarchy 401...
[2026-02-11 17:15:40] [INFO] Bot ZeroCardinal logged in.
[2026-02-11 17:15:40] [INFO] [CHAT] ╔════ ★ SpookyTime.net ★ ════╗
║ 
║  Добро пожаловать на SpookyTime
║  Наши социальные сети — /links
║  Приятной игры и новых побед!
║ 
╚══════════════════════╝
[2026-02-11 17:15:40] [INFO] Auth successful. Joining Anarchy 401...
[2026-02-11 17:15:40] [INFO] Bot spawned.
[2026-02-11 17:15:42] [INFO] [CHAT] Уже подключаемся на этот сервер!
[2026-02-11 17:15:42] [INFO] Bot ZeroCardinal logged in.
[2026-02-11 17:15:42] [INFO] Bot spawned.
[2026-02-11 17:15:43] [INFO] [CHAT] ** ! Внимание !
** Чтобы ваш Аккаунт был в БЕЗОПАСНОСТИ!
** Привяжите его к ВК: /vk
** Или к Телеграм: /tg

** ! Внимание !
** Чтобы ваш Аккаунт был в БЕЗОПАСНОСТИ!
** Привяжите его к ВК: /vk
** Или к Телеграм: /tg
[2026-02-11 17:16:21] [INFO] [CHAT] Ⓖ <шгш> [Глава] zXCOPXz Врун ⇨ тп кто тим
[2026-02-11 17:16:48] [INFO] [CHAT] ╔
[2026-02-11 17:16:48] [INFO] [CHAT] ╠                  !!! ВАЖНО !!!
[2026-02-11 17:16:48] [INFO] [CHAT] ╠ Получите 2,000 Токенов за привязку к
[2026-02-11 17:16:48] [INFO] [CHAT] ╠ ВКонтакте и Телеграму!
[2026-02-11 17:16:48] [INFO] [CHAT] ╠
[2026-02-11 17:16:48] [INFO] [CHAT] ╠ Подробнее: /tg (Привязка к ТГ)
[2026-02-11 17:16:48] [INFO] [CHAT] ╠ Подробнее: /vk (Привязка к ВК)
[2026-02-11 17:16:48] [INFO] [CHAT] ╚
[2026-02-11 17:17:17] [INFO] [CHAT] Ⓛ <шгш> [Глава] zXCOPXz Врун ⇨ бледотик
[2026-02-11 17:17:25] [INFO] [CHAT] ╔══════════════════════════════════
║ > ❤ Игрок никскрыт купил 1 СУПЕР Кейс с Донатом
║ > Проверь свою удачу у нас!
║ > Покупай и ты на сайте shop.SpookyTime.net
╚══════════════════════════════════
[2026-02-11 17:18:17] [INFO] Stopping...
[2026-02-11 17:18:22] [INFO] Starting ZeroCardinal...
[2026-02-11 17:18:22] [INFO] OrderManager started (DB Mode + Socket)
[2026-02-11 17:18:22] [INFO] Initializing database at C:\Users\mrmal\Desktop\projects\java\ZeroCardinal\FpCardinal\shared\data.db
[2026-02-11 17:18:22] [INFO] Database tables verified.
[2026-02-11 17:18:22] [INFO] Loaded 1 dialogs and 0 pending orders
[2026-02-11 17:18:22] [INFO] Connecting to server...
[2026-02-11 17:18:22] [INFO] Socket Server listening on port 19132
[2026-02-11 17:18:22] [INFO] Web Dashboard running at http://localhost:3000
[2026-02-11 17:18:23] [INFO] [CHAT] [✾] Успешная авторизация! Приятной игры!
[2026-02-11 17:18:23] [INFO] Auth successful. Joining Anarchy 401...
[2026-02-11 17:18:23] [INFO] Bot ZeroCardinal logged in.
[2026-02-11 17:18:23] [INFO] [CHAT] ╔════ ★ SpookyTime.net ★ ════╗
║ 
║  Добро пожаловать на SpookyTime
║  Наши социальные сети — /links
║  Приятной игры и новых побед!
║ 
╚══════════════════════╝
[2026-02-11 17:18:23] [INFO] Auth successful. Joining Anarchy 401...
[2026-02-11 17:18:24] [INFO] Bot spawned.
[2026-02-11 17:18:25] [INFO] [CHAT] Уже подключаемся на этот сервер!
[2026-02-11 17:18:25] [INFO] Bot ZeroCardinal logged in.
[2026-02-11 17:18:25] [INFO] Bot spawned.
[2026-02-11 17:18:26] [INFO] [CHAT] ** ! Внимание !
** Чтобы ваш Аккаунт был в БЕЗОПАСНОСТИ!
** Привяжите его к ВК: /vk
** Или к Телеграм: /tg

** ! Внимание !
** Чтобы ваш Аккаунт был в БЕЗОПАСНОСТИ!
** Привяжите его к ВК: /vk
** Или к Телеграм: /tg
[2026-02-11 17:18:34] [INFO] [CHAT] [$] Ваш баланс: $8,268,139
[2026-02-11 17:18:41] [INFO] [Dashboard] Deleted order TEST-DB-001
[2026-02-11 17:18:41] [INFO] [CHAT] Ⓛ <uuu> [Глава] ssg_ll0 Кек ⇨ tap tap
[2026-02-11 17:18:44] [INFO] [Dashboard] Completed order TVDVDS6Z
[2026-02-11 17:18:44] [INFO] [CHAT] [$] Ваш баланс: $8,268,139
[2026-02-11 17:18:48] [INFO] [CHAT] ╔
[2026-02-11 17:18:48] [INFO] [CHAT] ╠    ! НОВАЯ МЕТА ХАЛЯВЫ !
[2026-02-11 17:18:48] [INFO] [CHAT] ╠ Топовые ежедневные награды!
[2026-02-11 17:18:48] [INFO] [CHAT] ╠ Подробная информация /daily
[2026-02-11 17:18:48] [INFO] [CHAT] ╚
[2026-02-11 17:18:56] [INFO] [CHAT] [$] Ваш баланс: $8,268,139
[2026-02-11 17:19:04] [INFO] [Dashboard] Created manual order for mullaxul123 ($1)
[2026-02-11 17:19:05] [INFO] New order detected: #manual_1770823144834
[2026-02-11 17:19:05] [INFO] Starting dialog for order #manual_1770823144834. Status: processing
[2026-02-11 17:19:08] [INFO] [CHAT] [$] Ваш баланс: $8,268,139
[2026-02-11 17:19:18] [INFO] [CHAT] [$] Ваш баланс: $8,268,139
[2026-02-11 17:19:28] [INFO] Stopping...
[2026-02-11 17:21:19] [INFO] Starting ZeroCardinal...
[2026-02-11 17:21:19] [INFO] OrderManager started (DB Mode + Socket)
[2026-02-11 17:21:19] [INFO] Initializing database at C:\Users\mrmal\Desktop\projects\java\ZeroCardinal\FpCardinal\shared\data.db
[2026-02-11 17:21:19] [INFO] Database tables verified.
[2026-02-11 17:21:19] [INFO] Loaded 2 dialogs and 0 pending orders
[2026-02-11 17:21:19] [INFO] Connecting to server...
[2026-02-11 17:21:19] [INFO] Socket Server listening on port 19132
[2026-02-11 17:21:19] [INFO] Web Dashboard running at http://localhost:3000
[2026-02-11 17:21:20] [INFO] [CHAT] [✾] Успешная авторизация! Приятной игры!
[2026-02-11 17:21:20] [INFO] Auth successful. Joining Anarchy 401...
[2026-02-11 17:21:20] [INFO] Bot ZeroCardinal logged in.
[2026-02-11 17:21:20] [INFO] [CHAT] ╔════ ★ SpookyTime.net ★ ════╗
║ 
║  Добро пожаловать на SpookyTime
║  Наши социальные сети — /links
║  Приятной игры и новых побед!
║ 
╚══════════════════════╝
[2026-02-11 17:21:20] [INFO] Auth successful. Joining Anarchy 401...
[2026-02-11 17:21:21] [INFO] Bot spawned.
[2026-02-11 17:21:22] [INFO] [CHAT] Уже подключаемся на этот сервер!
[2026-02-11 17:21:23] [INFO] Bot ZeroCardinal logged in.
[2026-02-11 17:21:23] [INFO] Bot spawned.
[2026-02-11 17:21:23] [INFO] [CHAT] ** ! Внимание !
** Чтобы ваш Аккаунт был в БЕЗОПАСНОСТИ!
** Привяжите его к ВК: /vk
** Или к Телеграм: /tg

** ! Внимание !
** Чтобы ваш Аккаунт был в БЕЗОПАСНОСТИ!
** Привяжите его к ВК: /vk
** Или к Телеграм: /tg
[2026-02-11 17:21:28] [INFO] [CHAT] Ⓛ <шгш> [Глава] zXCOPXz Врун ⇨ в тиму хочешь?
[2026-02-11 17:21:57] [INFO] [CHAT] [$] Ваш баланс: $8,268,139
[2026-02-11 17:22:02] [INFO] [CHAT] Ⓛ <шгш> [Глава] zXCOPXz Врун ⇨ щя
[2026-02-11 17:22:15] [INFO] [CHAT] Ⓛ <шгш> [Глава] zXCOPXz Врун ⇨ расходники нужны
[2026-02-11 17:22:35] [INFO] [CHAT] ╔═════════════════════════════
║ > ❤ Игрок никскрыт купил 10.000 Токенов
║ > Покупай и ты на сайте shop.SpookyTime.net
╚═════════════════════════════
[2026-02-11 17:22:48] [INFO] [CHAT] ╔
[2026-02-11 17:22:48] [INFO] [CHAT] ╠                  !!! ВАЖНО !!!
[2026-02-11 17:22:48] [INFO] [CHAT] ╠ Получите 2,000 Токенов за привязку к
[2026-02-11 17:22:48] [INFO] [CHAT] ╠ ВКонтакте и Телеграму!
[2026-02-11 17:22:48] [INFO] [CHAT] ╠
[2026-02-11 17:22:48] [INFO] [CHAT] ╠ Подробнее: /tg (Привязка к ТГ)
[2026-02-11 17:22:48] [INFO] [CHAT] ╠ Подробнее: /vk (Привязка к ВК)
[2026-02-11 17:22:48] [INFO] [CHAT] ╚
[2026-02-11 17:22:57] [INFO] [CHAT] [$] Ваш баланс: $8,268,139
[2026-02-11 17:23:21] [INFO] [CHAT] [$] Ваш баланс: $8,268,139
[2026-02-11 17:23:32] [INFO] [CHAT] [$] Ваш баланс: $8,268,139
[2026-02-11 17:23:44] [INFO] [CHAT] [$] Ваш баланс: $8,268,139
[2026-02-11 17:23:56] [INFO] [CHAT] [$] Ваш баланс: $8,268,139
[2026-02-11 17:24:06] [INFO] [CHAT] ✞ zXCOPXz покинул игру во время PvP и был убит.
[2026-02-11 17:24:08] [INFO] [CHAT] [$] Ваш баланс: $8,268,139
[2026-02-11 17:24:20] [INFO] [CHAT] [$] Ваш баланс: $8,268,139
[2026-02-11 17:24:21] [INFO] [CHAT] Ⓖ <kit> [Игрок] Perhic3 ⇨ охх
[2026-02-11 17:24:34] [INFO] [CHAT] Ⓛ <kit> [Глава] 88889988uuu ⇨ да как они нас бл находят
[2026-02-11 17:24:48] [INFO] [CHAT] [$] Ваш баланс: $8,268,139
[2026-02-11 17:24:48] [INFO] [CHAT] ╔
[2026-02-11 17:24:48] [INFO] [CHAT] ╠       ! НАБОР В КОМАНДУ ПРОЕКТА !
[2026-02-11 17:24:48] [INFO] [CHAT] ╠ Открыт зимний набор в Команду Проекта
[2026-02-11 17:24:48] [INFO] [CHAT] ╠ Давай бороться с читерами вместе!
[2026-02-11 17:24:48] [INFO] [CHAT] ╠ Подавай заявку и ты: vk.cc/cCSS5u
[2026-02-11 17:24:48] [INFO] [CHAT] ╚
[2026-02-11 17:24:55] [INFO] Python Bridge connected via Socket
[2026-02-11 17:24:57] [INFO] [CHAT] Ⓛ <шгш> [Глава] zXCOPXz Врун ⇨ эт не вы убили
[2026-02-11 17:24:58] [INFO] [CHAT] [$] Ваш баланс: $8,268,139
[2026-02-11 17:25:02] [INFO] [CHAT] Ⓛ <шгш> [Глава] zXCOPXz Врун ⇨ у мя вылетело
[2026-02-11 17:25:10] [INFO] [CHAT] [$] Ваш баланс: $8,268,139
[2026-02-11 17:25:16] [INFO] [CHAT] Ⓛ <шгш> [Глава] zXCOPXz Врун ⇨ у мя вылетело
[2026-02-11 17:25:22] [INFO] [CHAT] Ⓛ <kit> [Игрок] Perhic3 ⇨ ааа забей
[2026-02-11 17:25:22] [INFO] [CHAT] [$] Ваш баланс: $8,268,139
[2026-02-11 17:25:23] [INFO] [CHAT] Ⓛ <шгш> [Глава] zXCOPXz Врун ⇨ б***ь
[2026-02-11 17:25:27] [INFO] [CHAT] Ⓛ <kit> [Игрок] Perhic3 ⇨ он убрал платформу
[2026-02-11 17:25:29] [INFO] [CHAT] Ⓛ <шгш> [Глава] zXCOPXz Врун ⇨ -3к
[2026-02-11 17:25:34] [INFO] [CHAT] [$] Ваш баланс: $8,268,139
[2026-02-11 17:25:37] [INFO] [CHAT] Ⓛ <шгш> [Глава] zXCOPXz Врун ⇨ к
[2026-02-11 17:25:46] [INFO] [CHAT] [$] Ваш баланс: $8,268,139
[2026-02-11 17:25:51] [INFO] [Dashboard] Reset order manual_1770823144834
[2026-02-11 17:25:58] [INFO] [CHAT] [$] Ваш баланс: $8,268,139
[2026-02-11 17:26:08] [INFO] Socket Signal: New Message
[2026-02-11 17:26:08] [INFO] [CHAT] [$] Ваш баланс: $8,268,139
[2026-02-11 17:26:15] [INFO] [CHAT] Ⓛ <шгш> [Глава] zXCOPXz Врун ⇨ за сколько элитры круша продать?
[2026-02-11 17:26:20] [INFO] [CHAT] [$] Ваш баланс: $8,268,139
[2026-02-11 17:26:22] [INFO] [CHAT] Ⓛ <kit> [Игрок] Perhic3 ⇨ ходим на ивенты
[2026-02-11 17:26:31] [INFO] [CHAT] Ⓖ [Игрок] KOHKYPC_DONAT210 ⇨ all появился НОВЫЙ tgк Sponke_dk там происходит МАСШТАБНЫЙ РОЗЫГРЫШ на кейсы
[2026-02-11 17:26:32] [INFO] [CHAT] [$] Ваш баланс: $8,268,139
[2026-02-11 17:26:37] [INFO] [CHAT] Ⓛ <шгш> [Глава] zXCOPXz Врун ⇨ б*я мало
[2026-02-11 17:26:42] [INFO] [CHAT] [$] Ваш баланс: $8,268,139
[2026-02-11 17:26:48] [INFO] [CHAT] ╔
[2026-02-11 17:26:48] [INFO] [CHAT] ╠                  !!! ВАЖНО !!!
[2026-02-11 17:26:48] [INFO] [CHAT] ╠ Получите 2,000 Токенов за привязку к
[2026-02-11 17:26:48] [INFO] [CHAT] ╠ ВКонтакте и Телеграму!
[2026-02-11 17:26:48] [INFO] [CHAT] ╠
[2026-02-11 17:26:48] [INFO] [CHAT] ╠ Подробнее: /tg (Привязка к ТГ)
[2026-02-11 17:26:48] [INFO] [CHAT] ╠ Подробнее: /vk (Привязка к ВК)
[2026-02-11 17:26:48] [INFO] [CHAT] ╚
[2026-02-11 17:26:54] [INFO] [CHAT] [$] Ваш баланс: $8,268,139
[2026-02-11 17:27:06] [INFO] [CHAT] [$] Ваш баланс: $8,268,139
[2026-02-11 17:27:09] [INFO] [CHAT] Ⓛ <kit> [Игрок] Perhic3 ⇨ 8 сек до ивента
[2026-02-11 17:27:13] [INFO] [CHAT] ╔══╦══╦══╦══╦══╦══╦══╦══╗
 ║
 ║      |||   [Сундуки Смерти]   |||
 ║    Уровень лута: Солидный
 ║    Появятся уже через 3 минуты!
 ║
 ╚══╩══╩══╩══╩══╩══╩══╩══╝
[2026-02-11 17:27:15] [INFO] [CHAT] Ⓛ <kit> [Глава] 88889988uuu ⇨ ооо
[2026-02-11 17:27:16] [INFO] [CHAT] Ⓛ <kit> [Игрок] Perhic3 ⇨ ооооо
[2026-02-11 17:27:18] [INFO] [CHAT] [$] Ваш баланс: $8,268,139
[2026-02-11 17:27:27] [INFO] [CHAT] Ⓛ <kit> [Игрок] Perhic3 ⇨ идём?
[2026-02-11 17:27:30] [INFO] [CHAT] [$] Ваш баланс: $8,268,139
[2026-02-11 17:27:32] [INFO] Socket Signal: New Message
[2026-02-11 17:27:33] [INFO] [CHAT] Ⓛ <kit> [Глава] 88889988uuu ⇨ я там не выживу
[2026-02-11 17:27:34] [INFO] [CHAT] Ⓛ <kit> [Игрок] Perhic3 ⇨ может кит соберем?
[2026-02-11 17:27:42] [INFO] [CHAT] [$] Ваш баланс: $8,268,139
[2026-02-11 17:27:50] [INFO] [CHAT] Ⓛ <kit> [Глава] 88889988uuu ⇨ я там всенгда сдыхал
[2026-02-11 17:27:54] [INFO] [CHAT] [$] Ваш баланс: $8,268,139
[2026-02-11 17:27:55] [INFO] [CHAT] Ⓛ <topez> [Глава] Potato_Guy Батя ⇨ харука
[2026-02-11 17:28:06] [INFO] [CHAT] Ⓛ <topez> [Глава] Potato_Guy Батя ⇨ дай денег
[2026-02-11 17:28:06] [INFO] [CHAT] [$] Ваш баланс: $8,268,139
[2026-02-11 17:28:18] [INFO] [CHAT] [$] Ваш баланс: $8,268,139
[2026-02-11 17:28:30] [INFO] [CHAT] [$] Ваш баланс: $8,268,139
[2026-02-11 17:28:48] [INFO] [CHAT] ╔
[2026-02-11 17:28:48] [INFO] [CHAT] ╠ Токены можно приобрести на сайте shop.SpookyTime.net
[2026-02-11 17:28:48] [INFO] [CHAT] ╚
[2026-02-11 17:28:55] [INFO] [CHAT] Ⓛ <tima8> [Игрок] logo989 (◑‿◐) ⇨ я те давал зачар яблоки
[2026-02-11 17:28:57] [INFO] [CHAT] [$] Ваш баланс: $8,268,139
[2026-02-11 17:29:07] [INFO] [Dashboard] Reset order manual_1770823144834
[2026-02-11 17:29:08] [INFO] [CHAT] [$] Ваш баланс: $8,268,139
[2026-02-11 17:29:17] [INFO] [Dashboard] Deleted order manual_1770823144834
[2026-02-11 17:29:20] [INFO] [CHAT] [$] Ваш баланс: $8,268,139
[2026-02-11 17:29:20] [INFO] [CHAT] Ⓛ <kit> [Глава] 88889988uuu ⇨ спс
[2026-02-11 17:29:21] [INFO] [Dashboard] Created manual order for mullaxul123 ($1)
[2026-02-11 17:29:22] [INFO] New order detected: #manual_1770823761947
[2026-02-11 17:29:22] [INFO] Starting dialog for order #manual_1770823761947. Status: processing
[2026-02-11 17:29:30] [INFO] [CHAT] [$] Ваш баланс: $8,268,139
[2026-02-11 17:29:42] [INFO] [CHAT] Ⓛ <kit> [Игрок] Perhic3 ⇨ о как
[2026-02-11 17:29:42] [INFO] [CHAT] [$] Ваш баланс: $8,268,139
[2026-02-11 17:29:43] [INFO] [CHAT] Ⓛ <kit> [Глава] 88889988uuu ⇨ подарок
[2026-02-11 17:29:44] [INFO] Socket Signal: New Message
[2026-02-11 17:29:47] [INFO] [CHAT] Ⓛ <kit> [Игрок] Perhic3 ⇨ cgfcb,j
[2026-02-11 17:29:54] [INFO] [CHAT] [$] Ваш баланс: $8,268,139
[2026-02-11 17:30:03] [INFO] [CHAT] Ⓛ <kit> [Игрок] Perhic3 ⇨ пошли пиши дарена
[2026-02-11 17:30:06] [INFO] [CHAT] [$] Ваш баланс: $8,268,139
[2026-02-11 17:30:13] [INFO] [CHAT] ╔══╦══╦══╦══╦══╦══╦══╦══╗
 ║
 ║      |||   [Сундуки Смерти]   |||
 ║    Уровень лута: Солидный
 ║    Появились на Арене Смерти (/darena)
 ║
 ╚══╩══╩══╩══╩══╩══╩══╩══╝
[2026-02-11 17:30:18] [INFO] [CHAT] [$] Ваш баланс: $8,268,139
[2026-02-11 17:30:30] [INFO] [CHAT] [$] Ваш баланс: $8,268,139
[2026-02-11 17:30:42] [INFO] [CHAT] [$] Ваш баланс: $8,268,139
[2026-02-11 17:30:48] [INFO] [CHAT] ╔
[2026-02-11 17:30:48] [INFO] [CHAT] ╠ У нас можно получить бесплатные токены!
[2026-02-11 17:30:48] [INFO] [CHAT] ╠ За то что вы пропишите в соц. сетях
[2026-02-11 17:30:48] [INFO] [CHAT] ╠ - /tokens НИК
[2026-02-11 17:30:48] [INFO] [CHAT] ╠ Информация - /tokens
[2026-02-11 17:30:48] [INFO] [CHAT] ╚
[2026-02-11 17:30:54] [INFO] [CHAT] [$] Ваш баланс: $8,268,139
[2026-02-11 17:31:27] [INFO] [CHAT] Ⓛ <kit> [Игрок] Perhic3 ⇨ там типов многа
[2026-02-11 17:31:32] [INFO] [CHAT] Ⓛ <kit> [Игрок] Perhic3 ⇨ снимай идём голоыми
[2026-02-11 17:31:33] [INFO] [CHAT] Ⓛ <kit> [Глава] 88889988uuu ⇨ да
[2026-02-11 17:31:33] [INFO] [CHAT] [$] Ваш баланс: $8,268,139
[2026-02-11 17:31:38] [INFO] Stopping...
[2026-02-11 17:33:06] [INFO] Starting ZeroCardinal...
[2026-02-11 17:33:06] [INFO] OrderManager started (DB Mode + Socket)
[2026-02-11 17:33:06] [INFO] Initializing database at C:\Users\mrmal\Desktop\projects\java\ZeroCardinal\FpCardinal\shared\data.db
[2026-02-11 17:33:06] [INFO] Database tables verified.
[2026-02-11 17:33:06] [INFO] Loaded 2 dialogs and 0 pending orders
[2026-02-11 17:33:06] [INFO] Connecting to server...
[2026-02-11 17:33:06] [INFO] Socket Server listening on port 19132
[2026-02-11 17:33:06] [INFO] Web Dashboard running at http://localhost:3000
[2026-02-11 17:33:06] [INFO] Python Bridge connected via Socket
[2026-02-11 17:33:07] [INFO] [CHAT] [✾] Успешная авторизация! Приятной игры!
[2026-02-11 17:33:07] [INFO] Auth successful. Joining Anarchy 401...
[2026-02-11 17:33:07] [INFO] Bot ZeroCardinal logged in.
[2026-02-11 17:33:07] [INFO] [CHAT] ╔════ ★ SpookyTime.net ★ ════╗
║ 
║  Добро пожаловать на SpookyTime
║  Наши социальные сети — /links
║  Приятной игры и новых побед!
║ 
╚══════════════════════╝
[2026-02-11 17:33:07] [INFO] Auth successful. Joining Anarchy 401...
[2026-02-11 17:33:07] [INFO] Bot spawned.
[2026-02-11 17:33:08] [INFO] [CHAT] ⚡ Наши сообщества и соц. сети /links
[2026-02-11 17:33:08] [INFO] [CHAT] [⚠] Данной команды не существует!
[2026-02-11 17:33:09] [INFO] [CHAT] Уже подключаемся на этот сервер!
[2026-02-11 17:33:09] [INFO] Bot ZeroCardinal logged in.
[2026-02-11 17:33:09] [INFO] Bot spawned.
[2026-02-11 17:33:10] [INFO] [CHAT] ** ! Внимание !
** Чтобы ваш Аккаунт был в БЕЗОПАСНОСТИ!
** Привяжите его к ВК: /vk
** Или к Телеграм: /tg

** ! Внимание !
** Чтобы ваш Аккаунт был в БЕЗОПАСНОСТИ!
** Привяжите его к ВК: /vk
** Или к Телеграм: /tg
[2026-02-11 17:33:13] [INFO] [CHAT] [$] Ваш баланс: $8,268,139
[2026-02-11 17:33:15] [INFO] [Dashboard] Reset order manual_1770823761947
[2026-02-11 17:33:24] [INFO] [CHAT] [$] Ваш баланс: $8,268,139
[2026-02-11 17:33:29] [ERROR] Error in poll loop: TypeError: DatabaseManager.getActiveOrderForUser is not a function
    at OrderManager.handleFunPayMessage (C:\Users\mrmal\Desktop\projects\java\ZeroCardinal\managers\OrderManager.js:194:53)
    at async OrderManager.checkMessages (C:\Users\mrmal\Desktop\projects\java\ZeroCardinal\managers\OrderManager.js:174:13)
    at async OrderManager.pollLoop (C:\Users\mrmal\Desktop\projects\java\ZeroCardinal\managers\OrderManager.js:52:13)
[2026-02-11 17:33:30] [ERROR] Error in poll loop: TypeError: DatabaseManager.getActiveOrderForUser is not a function
    at OrderManager.handleFunPayMessage (C:\Users\mrmal\Desktop\projects\java\ZeroCardinal\managers\OrderManager.js:194:53)
    at async OrderManager.checkMessages (C:\Users\mrmal\Desktop\projects\java\ZeroCardinal\managers\OrderManager.js:174:13)
    at async OrderManager.pollLoop (C:\Users\mrmal\Desktop\projects\java\ZeroCardinal\managers\OrderManager.js:52:13)
[2026-02-11 17:33:31] [ERROR] Error in poll loop: TypeError: DatabaseManager.getActiveOrderForUser is not a function
    at OrderManager.handleFunPayMessage (C:\Users\mrmal\Desktop\projects\java\ZeroCardinal\managers\OrderManager.js:194:53)
    at async OrderManager.checkMessages (C:\Users\mrmal\Desktop\projects\java\ZeroCardinal\managers\OrderManager.js:174:13)
    at async OrderManager.pollLoop (C:\Users\mrmal\Desktop\projects\java\ZeroCardinal\managers\OrderManager.js:52:13)
[2026-02-11 17:33:32] [ERROR] Error in poll loop: TypeError: DatabaseManager.getActiveOrderForUser is not a function
    at OrderManager.handleFunPayMessage (C:\Users\mrmal\Desktop\projects\java\ZeroCardinal\managers\OrderManager.js:194:53)
    at async OrderManager.checkMessages (C:\Users\mrmal\Desktop\projects\java\ZeroCardinal\managers\OrderManager.js:174:13)
    at async OrderManager.pollLoop (C:\Users\mrmal\Desktop\projects\java\ZeroCardinal\managers\OrderManager.js:52:13)
[2026-02-11 17:33:33] [INFO] [CHAT] Ⓛ <kit> [Глава] 88889988uuu ⇨ да бл
[2026-02-11 17:33:33] [ERROR] Error in poll loop: TypeError: DatabaseManager.getActiveOrderForUser is not a function
    at OrderManager.handleFunPayMessage (C:\Users\mrmal\Desktop\projects\java\ZeroCardinal\managers\OrderManager.js:194:53)
    at async OrderManager.checkMessages (C:\Users\mrmal\Desktop\projects\java\ZeroCardinal\managers\OrderManager.js:174:13)
    at async OrderManager.pollLoop (C:\Users\mrmal\Desktop\projects\java\ZeroCardinal\managers\OrderManager.js:52:13)
[2026-02-11 17:33:34] [ERROR] Error in poll loop: TypeError: DatabaseManager.getActiveOrderForUser is not a function
    at OrderManager.handleFunPayMessage (C:\Users\mrmal\Desktop\projects\java\ZeroCardinal\managers\OrderManager.js:194:53)
    at async OrderManager.checkMessages (C:\Users\mrmal\Desktop\projects\java\ZeroCardinal\managers\OrderManager.js:174:13)
    at async OrderManager.pollLoop (C:\Users\mrmal\Desktop\projects\java\ZeroCardinal\managers\OrderManager.js:52:13)
[2026-02-11 17:33:36] [ERROR] Error in poll loop: TypeError: DatabaseManager.getActiveOrderForUser is not a function
    at OrderManager.handleFunPayMessage (C:\Users\mrmal\Desktop\projects\java\ZeroCardinal\managers\OrderManager.js:194:53)
    at async OrderManager.checkMessages (C:\Users\mrmal\Desktop\projects\java\ZeroCardinal\managers\OrderManager.js:174:13)
    at async OrderManager.pollLoop (C:\Users\mrmal\Desktop\projects\java\ZeroCardinal\managers\OrderManager.js:52:13)
[2026-02-11 17:33:36] [INFO] [CHAT] [$] Ваш баланс: $8,268,139
[2026-02-11 17:33:37] [ERROR] Error in poll loop: TypeError: DatabaseManager.getActiveOrderForUser is not a function
    at OrderManager.handleFunPayMessage (C:\Users\mrmal\Desktop\projects\java\ZeroCardinal\managers\OrderManager.js:194:53)
    at async OrderManager.checkMessages (C:\Users\mrmal\Desktop\projects\java\ZeroCardinal\managers\OrderManager.js:174:13)
    at async OrderManager.pollLoop (C:\Users\mrmal\Desktop\projects\java\ZeroCardinal\managers\OrderManager.js:52:13)
[2026-02-11 17:33:38] [ERROR] Error in poll loop: TypeError: DatabaseManager.getActiveOrderForUser is not a function
    at OrderManager.handleFunPayMessage (C:\Users\mrmal\Desktop\projects\java\ZeroCardinal\managers\OrderManager.js:194:53)
    at async OrderManager.checkMessages (C:\Users\mrmal\Desktop\projects\java\ZeroCardinal\managers\OrderManager.js:174:13)
    at async OrderManager.pollLoop (C:\Users\mrmal\Desktop\projects\java\ZeroCardinal\managers\OrderManager.js:52:13)
[2026-02-11 17:33:39] [ERROR] Error in poll loop: TypeError: DatabaseManager.getActiveOrderForUser is not a function
    at OrderManager.handleFunPayMessage (C:\Users\mrmal\Desktop\projects\java\ZeroCardinal\managers\OrderManager.js:194:53)
    at async OrderManager.checkMessages (C:\Users\mrmal\Desktop\projects\java\ZeroCardinal\managers\OrderManager.js:174:13)
    at async OrderManager.pollLoop (C:\Users\mrmal\Desktop\projects\java\ZeroCardinal\managers\OrderManager.js:52:13)
[2026-02-11 17:33:40] [ERROR] Error in poll loop: TypeError: DatabaseManager.getActiveOrderForUser is not a function
    at OrderManager.handleFunPayMessage (C:\Users\mrmal\Desktop\projects\java\ZeroCardinal\managers\OrderManager.js:194:53)
    at async OrderManager.checkMessages (C:\Users\mrmal\Desktop\projects\java\ZeroCardinal\managers\OrderManager.js:174:13)
    at async OrderManager.pollLoop (C:\Users\mrmal\Desktop\projects\java\ZeroCardinal\managers\OrderManager.js:52:13)
[2026-02-11 17:33:41] [ERROR] Error in poll loop: TypeError: DatabaseManager.getActiveOrderForUser is not a function
    at OrderManager.handleFunPayMessage (C:\Users\mrmal\Desktop\projects\java\ZeroCardinal\managers\OrderManager.js:194:53)
    at async OrderManager.checkMessages (C:\Users\mrmal\Desktop\projects\java\ZeroCardinal\managers\OrderManager.js:174:13)
    at async OrderManager.pollLoop (C:\Users\mrmal\Desktop\projects\java\ZeroCardinal\managers\OrderManager.js:52:13)
[2026-02-11 17:33:42] [ERROR] Error in poll loop: TypeError: DatabaseManager.getActiveOrderForUser is not a function
    at OrderManager.handleFunPayMessage (C:\Users\mrmal\Desktop\projects\java\ZeroCardinal\managers\OrderManager.js:194:53)
    at async OrderManager.checkMessages (C:\Users\mrmal\Desktop\projects\java\ZeroCardinal\managers\OrderManager.js:174:13)
    at async OrderManager.pollLoop (C:\Users\mrmal\Desktop\projects\java\ZeroCardinal\managers\OrderManager.js:52:13)
[2026-02-11 17:33:43] [ERROR] Error in poll loop: TypeError: DatabaseManager.getActiveOrderForUser is not a function
    at OrderManager.handleFunPayMessage (C:\Users\mrmal\Desktop\projects\java\ZeroCardinal\managers\OrderManager.js:194:53)
    at async OrderManager.checkMessages (C:\Users\mrmal\Desktop\projects\java\ZeroCardinal\managers\OrderManager.js:174:13)
    at async OrderManager.pollLoop (C:\Users\mrmal\Desktop\projects\java\ZeroCardinal\managers\OrderManager.js:52:13)
[2026-02-11 17:33:44] [ERROR] Error in poll loop: TypeError: DatabaseManager.getActiveOrderForUser is not a function
    at OrderManager.handleFunPayMessage (C:\Users\mrmal\Desktop\projects\java\ZeroCardinal\managers\OrderManager.js:194:53)
    at runNextTicks (node:internal/process/task_queues:64:5)
    at process.processTimers (node:internal/timers:538:9)
    at async OrderManager.checkMessages (C:\Users\mrmal\Desktop\projects\java\ZeroCardinal\managers\OrderManager.js:174:13)
    at async OrderManager.pollLoop (C:\Users\mrmal\Desktop\projects\java\ZeroCardinal\managers\OrderManager.js:52:13)
[2026-02-11 17:33:45] [INFO] [CHAT] Ⓛ <kit> [Глава] 88889988uuu ⇨ да
[2026-02-11 17:33:45] [ERROR] Error in poll loop: TypeError: DatabaseManager.getActiveOrderForUser is not a function
    at OrderManager.handleFunPayMessage (C:\Users\mrmal\Desktop\projects\java\ZeroCardinal\managers\OrderManager.js:194:53)
    at async OrderManager.checkMessages (C:\Users\mrmal\Desktop\projects\java\ZeroCardinal\managers\OrderManager.js:174:13)
    at async OrderManager.pollLoop (C:\Users\mrmal\Desktop\projects\java\ZeroCardinal\managers\OrderManager.js:52:13)
[2026-02-11 17:33:46] [ERROR] Error in poll loop: TypeError: DatabaseManager.getActiveOrderForUser is not a function
    at OrderManager.handleFunPayMessage (C:\Users\mrmal\Desktop\projects\java\ZeroCardinal\managers\OrderManager.js:194:53)
    at async OrderManager.checkMessages (C:\Users\mrmal\Desktop\projects\java\ZeroCardinal\managers\OrderManager.js:174:13)
    at async OrderManager.pollLoop (C:\Users\mrmal\Desktop\projects\java\ZeroCardinal\managers\OrderManager.js:52:13)
[2026-02-11 17:33:46] [INFO] [CHAT] [$] Ваш баланс: $8,268,139
[2026-02-11 17:33:47] [ERROR] Error in poll loop: TypeError: DatabaseManager.getActiveOrderForUser is not a function
    at OrderManager.handleFunPayMessage (C:\Users\mrmal\Desktop\projects\java\ZeroCardinal\managers\OrderManager.js:194:53)
    at async OrderManager.checkMessages (C:\Users\mrmal\Desktop\projects\java\ZeroCardinal\managers\OrderManager.js:174:13)
    at async OrderManager.pollLoop (C:\Users\mrmal\Desktop\projects\java\ZeroCardinal\managers\OrderManager.js:52:13)
[2026-02-11 17:33:48] [ERROR] Error in poll loop: TypeError: DatabaseManager.getActiveOrderForUser is not a function
    at OrderManager.handleFunPayMessage (C:\Users\mrmal\Desktop\projects\java\ZeroCardinal\managers\OrderManager.js:194:53)
    at async OrderManager.checkMessages (C:\Users\mrmal\Desktop\projects\java\ZeroCardinal\managers\OrderManager.js:174:13)
    at async OrderManager.pollLoop (C:\Users\mrmal\Desktop\projects\java\ZeroCardinal\managers\OrderManager.js:52:13)
[2026-02-11 17:33:49] [ERROR] Error in poll loop: TypeError: DatabaseManager.getActiveOrderForUser is not a function
    at OrderManager.handleFunPayMessage (C:\Users\mrmal\Desktop\projects\java\ZeroCardinal\managers\OrderManager.js:194:53)
    at async OrderManager.checkMessages (C:\Users\mrmal\Desktop\projects\java\ZeroCardinal\managers\OrderManager.js:174:13)
    at async OrderManager.pollLoop (C:\Users\mrmal\Desktop\projects\java\ZeroCardinal\managers\OrderManager.js:52:13)
[2026-02-11 17:33:50] [ERROR] Error in poll loop: TypeError: DatabaseManager.getActiveOrderForUser is not a function
    at OrderManager.handleFunPayMessage (C:\Users\mrmal\Desktop\projects\java\ZeroCardinal\managers\OrderManager.js:194:53)
    at async OrderManager.checkMessages (C:\Users\mrmal\Desktop\projects\java\ZeroCardinal\managers\OrderManager.js:174:13)
    at async OrderManager.pollLoop (C:\Users\mrmal\Desktop\projects\java\ZeroCardinal\managers\OrderManager.js:52:13)
[2026-02-11 17:33:51] [INFO] [CHAT] Ⓖ [Элита] AHOMALIYA Батя ⇨  кто тепнет в пустыню?
[2026-02-11 17:33:51] [ERROR] Error in poll loop: TypeError: DatabaseManager.getActiveOrderForUser is not a function
    at OrderManager.handleFunPayMessage (C:\Users\mrmal\Desktop\projects\java\ZeroCardinal\managers\OrderManager.js:194:53)
    at runNextTicks (node:internal/process/task_queues:64:5)
    at process.processTimers (node:internal/timers:538:9)
    at async OrderManager.checkMessages (C:\Users\mrmal\Desktop\projects\java\ZeroCardinal\managers\OrderManager.js:174:13)
    at async OrderManager.pollLoop (C:\Users\mrmal\Desktop\projects\java\ZeroCardinal\managers\OrderManager.js:52:13)
[2026-02-11 17:33:52] [ERROR] Error in poll loop: TypeError: DatabaseManager.getActiveOrderForUser is not a function
    at OrderManager.handleFunPayMessage (C:\Users\mrmal\Desktop\projects\java\ZeroCardinal\managers\OrderManager.js:194:53)
    at async OrderManager.checkMessages (C:\Users\mrmal\Desktop\projects\java\ZeroCardinal\managers\OrderManager.js:174:13)
    at async OrderManager.pollLoop (C:\Users\mrmal\Desktop\projects\java\ZeroCardinal\managers\OrderManager.js:52:13)
[2026-02-11 17:33:53] [ERROR] Error in poll loop: TypeError: DatabaseManager.getActiveOrderForUser is not a function
    at OrderManager.handleFunPayMessage (C:\Users\mrmal\Desktop\projects\java\ZeroCardinal\managers\OrderManager.js:194:53)
    at async OrderManager.checkMessages (C:\Users\mrmal\Desktop\projects\java\ZeroCardinal\managers\OrderManager.js:174:13)
    at async OrderManager.pollLoop (C:\Users\mrmal\Desktop\projects\java\ZeroCardinal\managers\OrderManager.js:52:13)
[2026-02-11 17:33:54] [ERROR] Error in poll loop: TypeError: DatabaseManager.getActiveOrderForUser is not a function
    at OrderManager.handleFunPayMessage (C:\Users\mrmal\Desktop\projects\java\ZeroCardinal\managers\OrderManager.js:194:53)
    at runNextTicks (node:internal/process/task_queues:64:5)
    at process.processTimers (node:internal/timers:538:9)
    at async OrderManager.checkMessages (C:\Users\mrmal\Desktop\projects\java\ZeroCardinal\managers\OrderManager.js:174:13)
    at async OrderManager.pollLoop (C:\Users\mrmal\Desktop\projects\java\ZeroCardinal\managers\OrderManager.js:52:13)
[2026-02-11 17:33:55] [ERROR] Error in poll loop: TypeError: DatabaseManager.getActiveOrderForUser is not a function
    at OrderManager.handleFunPayMessage (C:\Users\mrmal\Desktop\projects\java\ZeroCardinal\managers\OrderManager.js:194:53)
    at runNextTicks (node:internal/process/task_queues:64:5)
    at process.processTimers (node:internal/timers:538:9)
    at async OrderManager.checkMessages (C:\Users\mrmal\Desktop\projects\java\ZeroCardinal\managers\OrderManager.js:174:13)
    at async OrderManager.pollLoop (C:\Users\mrmal\Desktop\projects\java\ZeroCardinal\managers\OrderManager.js:52:13)
[2026-02-11 17:33:56] [ERROR] Error in poll loop: TypeError: DatabaseManager.getActiveOrderForUser is not a function
    at OrderManager.handleFunPayMessage (C:\Users\mrmal\Desktop\projects\java\ZeroCardinal\managers\OrderManager.js:194:53)
    at async OrderManager.checkMessages (C:\Users\mrmal\Desktop\projects\java\ZeroCardinal\managers\OrderManager.js:174:13)
    at async OrderManager.pollLoop (C:\Users\mrmal\Desktop\projects\java\ZeroCardinal\managers\OrderManager.js:52:13)
[2026-02-11 17:33:56] [INFO] [CHAT] [$] Ваш баланс: $8,268,139
[2026-02-11 17:33:57] [ERROR] Error in poll loop: TypeError: DatabaseManager.getActiveOrderForUser is not a function
    at OrderManager.handleFunPayMessage (C:\Users\mrmal\Desktop\projects\java\ZeroCardinal\managers\OrderManager.js:194:53)
    at async OrderManager.checkMessages (C:\Users\mrmal\Desktop\projects\java\ZeroCardinal\managers\OrderManager.js:174:13)
    at async OrderManager.pollLoop (C:\Users\mrmal\Desktop\projects\java\ZeroCardinal\managers\OrderManager.js:52:13)
[2026-02-11 17:33:58] [ERROR] Error in poll loop: TypeError: DatabaseManager.getActiveOrderForUser is not a function
    at OrderManager.handleFunPayMessage (C:\Users\mrmal\Desktop\projects\java\ZeroCardinal\managers\OrderManager.js:194:53)
    at async OrderManager.checkMessages (C:\Users\mrmal\Desktop\projects\java\ZeroCardinal\managers\OrderManager.js:174:13)
    at async OrderManager.pollLoop (C:\Users\mrmal\Desktop\projects\java\ZeroCardinal\managers\OrderManager.js:52:13)
[2026-02-11 17:33:59] [ERROR] Error in poll loop: TypeError: DatabaseManager.getActiveOrderForUser is not a function
    at OrderManager.handleFunPayMessage (C:\Users\mrmal\Desktop\projects\java\ZeroCardinal\managers\OrderManager.js:194:53)
    at async OrderManager.checkMessages (C:\Users\mrmal\Desktop\projects\java\ZeroCardinal\managers\OrderManager.js:174:13)
    at async OrderManager.pollLoop (C:\Users\mrmal\Desktop\projects\java\ZeroCardinal\managers\OrderManager.js:52:13)
[2026-02-11 17:34:00] [ERROR] Error in poll loop: TypeError: DatabaseManager.getActiveOrderForUser is not a function
    at OrderManager.handleFunPayMessage (C:\Users\mrmal\Desktop\projects\java\ZeroCardinal\managers\OrderManager.js:194:53)
    at async OrderManager.checkMessages (C:\Users\mrmal\Desktop\projects\java\ZeroCardinal\managers\OrderManager.js:174:13)
    at async OrderManager.pollLoop (C:\Users\mrmal\Desktop\projects\java\ZeroCardinal\managers\OrderManager.js:52:13)
[2026-02-11 17:34:01] [ERROR] Error in poll loop: TypeError: DatabaseManager.getActiveOrderForUser is not a function
    at OrderManager.handleFunPayMessage (C:\Users\mrmal\Desktop\projects\java\ZeroCardinal\managers\OrderManager.js:194:53)
    at runNextTicks (node:internal/process/task_queues:64:5)
    at process.processTimers (node:internal/timers:538:9)
    at async OrderManager.checkMessages (C:\Users\mrmal\Desktop\projects\java\ZeroCardinal\managers\OrderManager.js:174:13)
    at async OrderManager.pollLoop (C:\Users\mrmal\Desktop\projects\java\ZeroCardinal\managers\OrderManager.js:52:13)
[2026-02-11 17:34:02] [ERROR] Error in poll loop: TypeError: DatabaseManager.getActiveOrderForUser is not a function
    at OrderManager.handleFunPayMessage (C:\Users\mrmal\Desktop\projects\java\ZeroCardinal\managers\OrderManager.js:194:53)
    at runNextTicks (node:internal/process/task_queues:64:5)
    at process.processTimers (node:internal/timers:538:9)
    at async OrderManager.checkMessages (C:\Users\mrmal\Desktop\projects\java\ZeroCardinal\managers\OrderManager.js:174:13)
    at async OrderManager.pollLoop (C:\Users\mrmal\Desktop\projects\java\ZeroCardinal\managers\OrderManager.js:52:13)
[2026-02-11 17:34:03] [ERROR] Error in poll loop: TypeError: DatabaseManager.getActiveOrderForUser is not a function
    at OrderManager.handleFunPayMessage (C:\Users\mrmal\Desktop\projects\java\ZeroCardinal\managers\OrderManager.js:194:53)
    at async OrderManager.checkMessages (C:\Users\mrmal\Desktop\projects\java\ZeroCardinal\managers\OrderManager.js:174:13)
    at async OrderManager.pollLoop (C:\Users\mrmal\Desktop\projects\java\ZeroCardinal\managers\OrderManager.js:52:13)
[2026-02-11 17:34:04] [ERROR] Error in poll loop: TypeError: DatabaseManager.getActiveOrderForUser is not a function
    at OrderManager.handleFunPayMessage (C:\Users\mrmal\Desktop\projects\java\ZeroCardinal\managers\OrderManager.js:194:53)
    at async OrderManager.checkMessages (C:\Users\mrmal\Desktop\projects\java\ZeroCardinal\managers\OrderManager.js:174:13)
    at async OrderManager.pollLoop (C:\Users\mrmal\Desktop\projects\java\ZeroCardinal\managers\OrderManager.js:52:13)
[2026-02-11 17:34:05] [ERROR] Error in poll loop: TypeError: DatabaseManager.getActiveOrderForUser is not a function
    at OrderManager.handleFunPayMessage (C:\Users\mrmal\Desktop\projects\java\ZeroCardinal\managers\OrderManager.js:194:53)
    at async OrderManager.checkMessages (C:\Users\mrmal\Desktop\projects\java\ZeroCardinal\managers\OrderManager.js:174:13)
    at async OrderManager.pollLoop (C:\Users\mrmal\Desktop\projects\java\ZeroCardinal\managers\OrderManager.js:52:13)
[2026-02-11 17:34:06] [ERROR] Error in poll loop: TypeError: DatabaseManager.getActiveOrderForUser is not a function
    at OrderManager.handleFunPayMessage (C:\Users\mrmal\Desktop\projects\java\ZeroCardinal\managers\OrderManager.js:194:53)
    at async OrderManager.checkMessages (C:\Users\mrmal\Desktop\projects\java\ZeroCardinal\managers\OrderManager.js:174:13)
    at async OrderManager.pollLoop (C:\Users\mrmal\Desktop\projects\java\ZeroCardinal\managers\OrderManager.js:52:13)
[2026-02-11 17:34:07] [ERROR] Error in poll loop: TypeError: DatabaseManager.getActiveOrderForUser is not a function
    at OrderManager.handleFunPayMessage (C:\Users\mrmal\Desktop\projects\java\ZeroCardinal\managers\OrderManager.js:194:53)
    at async OrderManager.checkMessages (C:\Users\mrmal\Desktop\projects\java\ZeroCardinal\managers\OrderManager.js:174:13)
    at async OrderManager.pollLoop (C:\Users\mrmal\Desktop\projects\java\ZeroCardinal\managers\OrderManager.js:52:13)
[2026-02-11 17:34:08] [INFO] [CHAT] [$] Ваш баланс: $8,268,139
[2026-02-11 17:34:08] [ERROR] Error in poll loop: TypeError: DatabaseManager.getActiveOrderForUser is not a function
    at OrderManager.handleFunPayMessage (C:\Users\mrmal\Desktop\projects\java\ZeroCardinal\managers\OrderManager.js:194:53)
    at runNextTicks (node:internal/process/task_queues:64:5)
    at process.processTimers (node:internal/timers:538:9)
    at async OrderManager.checkMessages (C:\Users\mrmal\Desktop\projects\java\ZeroCardinal\managers\OrderManager.js:174:13)
    at async OrderManager.pollLoop (C:\Users\mrmal\Desktop\projects\java\ZeroCardinal\managers\OrderManager.js:52:13)
[2026-02-11 17:34:08] [INFO] [CHAT] Ⓛ <шгш> [Глава] zXCOPXz Врун ⇨ деньги нужны для сета
[2026-02-11 17:34:09] [INFO] Stopping...
[2026-02-11 17:34:13] [INFO] Starting ZeroCardinal...
[2026-02-11 17:34:13] [INFO] OrderManager started (DB Mode + Socket)
[2026-02-11 17:34:13] [INFO] Initializing database at C:\Users\mrmal\Desktop\projects\java\ZeroCardinal\FpCardinal\shared\data.db
[2026-02-11 17:34:13] [INFO] Database tables verified.
[2026-02-11 17:34:13] [INFO] Loaded 1 dialogs and 0 pending orders
[2026-02-11 17:34:13] [INFO] Connecting to server...
[2026-02-11 17:34:14] [INFO] Socket Server listening on port 19132
[2026-02-11 17:34:14] [INFO] Web Dashboard running at http://localhost:3000
[2026-02-11 17:34:14] [INFO] Python Bridge connected via Socket
[2026-02-11 17:34:14] [INFO] [CHAT] [✾] Успешная авторизация! Приятной игры!
[2026-02-11 17:34:14] [INFO] Auth successful. Joining Anarchy 401...
[2026-02-11 17:34:14] [INFO] Bot ZeroCardinal logged in.
[2026-02-11 17:34:14] [INFO] [CHAT] ╔════ ★ SpookyTime.net ★ ════╗
║ 
║  Добро пожаловать на SpookyTime
║  Наши социальные сети — /links
║  Приятной игры и новых побед!
║ 
╚══════════════════════╝
[2026-02-11 17:34:14] [INFO] Auth successful. Joining Anarchy 401...
[2026-02-11 17:34:14] [INFO] Bot spawned.
[2026-02-11 17:34:16] [INFO] [CHAT] ⚡ Наш ДС сервер discord.gg/spookytime
[2026-02-11 17:34:16] [INFO] [CHAT] Уже подключаемся на этот сервер!
[2026-02-11 17:34:16] [INFO] Bot ZeroCardinal logged in.
[2026-02-11 17:34:16] [INFO] Bot spawned.
[2026-02-11 17:34:16] [INFO] [CHAT] [$] Ваш баланс: $8,268,139
[2026-02-11 17:34:17] [INFO] [CHAT] ** ! Внимание !
** Чтобы ваш Аккаунт был в БЕЗОПАСНОСТИ!
** Привяжите его к ВК: /vk
** Или к Телеграм: /tg

** ! Внимание !
** Чтобы ваш Аккаунт был в БЕЗОПАСНОСТИ!
** Привяжите его к ВК: /vk
** Или к Телеграм: /tg
[2026-02-11 17:34:20] [INFO] [CHAT] Ⓖ [Элита] pafff ʕ•ᴥ•ʔ ⇨  ХХАХХА
[2026-02-11 17:34:21] [INFO] [CHAT] Ⓖ [Глава] CHIKSA_BLONDINKA ⇨ ezzz
[2026-02-11 17:34:22] [INFO] [CHAT] Ⓖ [Глава] nefactor99 ⇨ EZ
[2026-02-11 17:34:23] [INFO] [CHAT] Ⓖ [Барон] muNafAkeu ⇨ ez
[2026-02-11 17:34:23] [INFO] [CHAT] Ⓛ <шгш> [Глава] zXCOPXz Врун ⇨ 3 тотема ебать
[2026-02-11 17:34:23] [INFO] [CHAT] Ⓖ [Игрок] nBoBUsoO ⇨ ezzzzzzzzzzzzz
[2026-02-11 17:34:24] [INFO] [CHAT] Ⓖ [Глава] insize15 ⇨ ez
[2026-02-11 17:34:26] [INFO] [CHAT] Ⓖ [Глава] Furar29 Дура ⇨  ez
[2026-02-11 17:34:28] [INFO] [CHAT] [$] Ваш баланс: $8,268,139
[2026-02-11 17:34:32] [INFO] [CHAT] Ⓖ [Герой] aydim9bmw ⇨ -ez killed by nova squad
[2026-02-11 17:34:35] [INFO] [CHAT] Ⓖ [Игрок] shing___ ⇨  +рек
[2026-02-11 17:34:38] [INFO] [CHAT] Ⓖ [Элита] AHOMALIYA Батя ⇨  кто тепнет в пустыню?
[2026-02-11 17:34:40] [INFO] [CHAT] [$] Ваш баланс: $8,268,139
[2026-02-11 17:34:46] [INFO] [CHAT] Ⓖ [Игрок] SALENO ⇨  твоя мама
[2026-02-11 17:34:48] [INFO] [Dashboard] Reset order manual_1770823761947
[2026-02-11 17:34:48] [INFO] [CHAT] ╔
[2026-02-11 17:34:48] [INFO] [CHAT] ╠              !!! АКТИВНЫЙ КОНКУРС !!!
[2026-02-11 17:34:48] [INFO] [CHAT] ╠ Разыгрываем 5 герцогов + 5 лямов токенов
[2026-02-11 17:34:48] [INFO] [CHAT] ╠ Вводи команду /конкурсы
[2026-02-11 17:34:48] [INFO] [CHAT] ╚
[2026-02-11 17:34:49] [INFO] [CHAT] Ⓖ [Элита] AHOMALIYA Батя ⇨  xD
[2026-02-11 17:34:52] [INFO] [CHAT] [$] Ваш баланс: $8,268,139
[2026-02-11 17:35:02] [INFO] [CHAT] [$] Ваш баланс: $8,268,139
[2026-02-11 17:35:08] [INFO] [CHAT] Ⓖ [Игрок] shing___ ⇨  xd 2x7 ahahahahahaha
[2026-02-11 17:35:14] [INFO] [CHAT] [$] Ваш баланс: $8,268,139
[2026-02-11 17:35:17] [INFO] [CHAT] Ⓛ [Глава] toper102an ⇨ nado
[2026-02-11 17:35:25] [INFO] [CHAT] Ⓛ [Глава] toper102an ⇨ dobav v klan
[2026-02-11 17:35:40] [INFO] [CHAT] Ⓛ <kit> [Игрок] Perhic3 ⇨ пошли на 301
[2026-02-11 17:35:40] [INFO] [CHAT] [$] Ваш баланс: $8,268,139
[2026-02-11 17:35:51] [INFO] [CHAT] Ⓛ <шгш> [Глава] zXCOPXz Врун ⇨ у тя есть база?
[2026-02-11 17:35:52] [INFO] [CHAT] [$] Ваш баланс: $8,268,139
[2026-02-11 17:35:54] [INFO] [CHAT] Ⓛ <шгш> [Глава] toper102an ⇨ -
[2026-02-11 17:36:00] [INFO] [CHAT] Ⓛ <шгш> [Глава] zXCOPXz Врун ⇨ а что-то продать
[2026-02-11 17:36:04] [INFO] [CHAT] [$] Ваш баланс: $8,268,139
[2026-02-11 17:36:11] [INFO] [CHAT] ╔══════════════════════════════════
║ > ❤ Игрок никскрыт купил 750.000 Токенов
║ > Потратить их можно в /tshop!
║ > Покупай и ты на сайте shop.SpookyTime.net
╚══════════════════════════════════
[2026-02-11 17:36:16] [INFO] [CHAT] [$] Ваш баланс: $8,268,139
[2026-02-11 17:36:28] [INFO] [CHAT] Ⓛ <шгш> [Глава] zXCOPXz Врун ⇨ 6 тотем у мя
[2026-02-11 17:36:34] [INFO] [CHAT] ╔══════════════════════════════════
║ > ❤ Игрок никскрыт купил Принц + 90.000 ТК
║ > Теперь он стал намного круче! :)
║ > Покупай и ты на сайте shop.SpookyTime.net
╚══════════════════════════════════
[2026-02-11 17:36:36] [INFO] [CHAT] Ⓛ <шгш> [Глава] toper102an ⇨ nixya
[2026-02-11 17:36:41] [INFO] [CHAT] Ⓛ <шгш> [Глава] zXCOPXz Врун ⇨ 5 приватов
[2026-02-11 17:36:48] [INFO] [CHAT] ╔
[2026-02-11 17:36:48] [INFO] [CHAT] ╠                  !!! ВАЖНО !!!
[2026-02-11 17:36:48] [INFO] [CHAT] ╠ Получите 2,000 Токенов за привязку к
[2026-02-11 17:36:48] [INFO] [CHAT] ╠ ВКонтакте и Телеграму!
[2026-02-11 17:36:48] [INFO] [CHAT] ╠
[2026-02-11 17:36:48] [INFO] [CHAT] ╠ Подробнее: /tg (Привязка к ТГ)
[2026-02-11 17:36:48] [INFO] [CHAT] ╠ Подробнее: /vk (Привязка к ВК)
[2026-02-11 17:36:48] [INFO] [CHAT] ╚
[2026-02-11 17:36:51] [INFO] [CHAT] [$] Ваш баланс: $8,268,139
[2026-02-11 17:36:59] [INFO] [CHAT] Ⓛ <шгш> [Глава] zXCOPXz Врун ⇨ острота и сила 5
[2026-02-11 17:37:02] [INFO] [CHAT] [$] Ваш баланс: $8,268,139
[2026-02-11 17:37:04] [INFO] [Dashboard] Deleted order manual_1770823761947
[2026-02-11 17:37:06] [INFO] [CHAT] Ⓛ <шгш> [Глава] zXCOPXz Врун ⇨ какой
[2026-02-11 17:37:11] [INFO] [Dashboard] Created manual order for mullaxul1 ($1)
[2026-02-11 17:37:11] [INFO] New order detected: #manual_1770824231594
[2026-02-11 17:37:14] [INFO] [CHAT] [$] Ваш баланс: $8,268,139
[2026-02-11 17:37:18] [INFO] [CHAT] Ⓛ <шгш> [Глава] zXCOPXz Врун ⇨ оо
[2026-02-11 17:37:22] [INFO] [CHAT] Ⓛ <шгш> [Глава] zXCOPXz Врун ⇨ 2 трапки и 5 дез
[2026-02-11 17:37:26] [INFO] [CHAT] [$] Ваш баланс: $8,268,139
[2026-02-11 17:37:36] [INFO] [CHAT] [$] Ваш баланс: $8,268,139
[2026-02-11 17:37:48] [INFO] [CHAT] [$] Ваш баланс: $8,268,139
[2026-02-11 17:38:00] [INFO] [CHAT] [$] Ваш баланс: $8,268,139
[2026-02-11 17:38:10] [INFO] [CHAT] [$] Ваш баланс: $8,268,139
[2026-02-11 17:38:22] [INFO] [CHAT] [$] Ваш баланс: $8,268,139
[2026-02-11 17:38:24] [INFO] [CHAT] ╔═════════════════════════════
║ > ❤ Игрок никскрыт купил 10.000 Токенов
║ > Покупай и ты на сайте shop.SpookyTime.net
╚═════════════════════════════
[2026-02-11 17:38:34] [INFO] [CHAT] [$] Ваш баланс: $8,268,139
[2026-02-11 17:38:46] [INFO] [CHAT] [$] Ваш баланс: $8,268,139
[2026-02-11 17:38:48] [INFO] [CHAT] ╔
[2026-02-11 17:38:48] [INFO] [CHAT] ╠ Подписывайтесь на наш ТГ - telegram.me/spookytimenet
[2026-02-11 17:38:48] [INFO] [CHAT] ╚
[2026-02-11 17:38:58] [INFO] [CHAT] [$] Ваш баланс: $8,268,139
[2026-02-11 17:39:05] [INFO] [CHAT] ╔═════════════════════════════
║ > ❤ Игрок никскрыт купил 10.000 Токенов
║ > Покупай и ты на сайте shop.SpookyTime.net
╚═════════════════════════════
[2026-02-11 17:39:44] [INFO] [CHAT] Ⓖ <sisi> [Игрок] princh_bleck Даун ⇨ xaruka ш***а
[2026-02-11 17:39:52] [INFO] [CHAT] Ⓖ <sisi> [Игрок] princh_bleck Даун ⇨ это факт
[2026-02-11 17:39:57] [INFO] [CHAT] [$] Ваш баланс: $8,268,139
[2026-02-11 17:39:58] [INFO] [CHAT] Ⓖ <sTado> ﴾Игрок﴿ Xaruka_Hill Батя ⇨ ты кто н*х*й
[2026-02-11 17:40:09] [INFO] [CHAT] Ⓖ <sisi> [Игрок] princh_bleck Даун ⇨ совесть твоя
[2026-02-11 17:40:17] [INFO] [CHAT] Ⓖ <sTado> ﴾Игрок﴿ Xaruka_Hill Батя ⇨ у меня ее нету
[2026-02-11 17:40:30] [INFO] [CHAT] Ⓛ <шгш> [Глава] zXCOPXz Врун ⇨ я щяс все продам и какой-то сет куплю
[2026-02-11 17:40:30] [INFO] [CHAT] Ⓛ <шгш> [Глава] toper102an ⇨ ya potratil 20k
[2026-02-11 17:40:37] [INFO] [CHAT] Ⓛ <шгш> [Глава] toper102an ⇨ norm
[2026-02-11 17:40:38] [INFO] [CHAT] ╔══════════════════════════════════
║ > ❤ Игрок никскрыт купил 1 СУПЕР Кейс с Донатом
║ > Проверь свою удачу у нас!
║ > Покупай и ты на сайте shop.SpookyTime.net
╚══════════════════════════════════
[2026-02-11 17:40:39] [INFO] Stopping...
[2026-02-11 17:40:43] [INFO] Starting ZeroCardinal...
[2026-02-11 17:40:43] [INFO] OrderManager started (DB Mode + Socket)
[2026-02-11 17:40:43] [INFO] Initializing database at C:\Users\mrmal\Desktop\projects\java\ZeroCardinal\FpCardinal\shared\data.db
[2026-02-11 17:40:43] [INFO] Database tables verified.
[2026-02-11 17:40:43] [INFO] Loaded 1 dialogs and 0 pending orders
[2026-02-11 17:40:44] [INFO] Connecting to server...
[2026-02-11 17:40:44] [INFO] Socket Server listening on port 19132
[2026-02-11 17:40:44] [INFO] Web Dashboard running at http://localhost:3000
[2026-02-11 17:40:44] [INFO] Python Bridge connected via Socket
[2026-02-11 17:40:44] [INFO] [CHAT] [✾] Успешная авторизация! Приятной игры!
[2026-02-11 17:40:44] [INFO] Auth successful. Joining Anarchy 401...
[2026-02-11 17:40:44] [INFO] Bot ZeroCardinal logged in.
[2026-02-11 17:40:44] [INFO] [CHAT] ╔════ ★ SpookyTime.net ★ ════╗
║ 
║  Добро пожаловать на SpookyTime
║  Наши социальные сети — /links
║  Приятной игры и новых побед!
║ 
╚══════════════════════╝
[2026-02-11 17:40:44] [INFO] Auth successful. Joining Anarchy 401...
[2026-02-11 17:40:45] [INFO] Bot spawned.
[2026-02-11 17:40:46] [INFO] [CHAT] Уже подключаемся на этот сервер!
[2026-02-11 17:40:46] [INFO] Bot ZeroCardinal logged in.
[2026-02-11 17:40:47] [INFO] Bot spawned.
[2026-02-11 17:40:47] [INFO] [CHAT] ** ! Внимание !
** Чтобы ваш Аккаунт был в БЕЗОПАСНОСТИ!
** Привяжите его к ВК: /vk
** Или к Телеграм: /tg

** ! Внимание !
** Чтобы ваш Аккаунт был в БЕЗОПАСНОСТИ!
** Привяжите его к ВК: /vk
** Или к Телеграм: /tg
[2026-02-11 17:40:48] [INFO] [CHAT] Ⓛ <шгш> [Глава] zXCOPXz Врун ⇨ да
[2026-02-11 17:40:48] [INFO] [CHAT] ╔
[2026-02-11 17:40:48] [INFO] [CHAT] ╠ Хочешь получать бонусы и БЕСПЛАТНЫЕ ТОКЕНЫ?
[2026-02-11 17:40:48] [INFO] [CHAT] ╠ Подпишись на мой вк! Лайк на последний пост!
[2026-02-11 17:40:48] [INFO] [CHAT] ╠ Ссылка на ВКонтакте: vk.com/kol_kola
[2026-02-11 17:40:48] [INFO] [CHAT] ╚
[2026-02-11 17:40:51] [INFO] [CHAT] [$] Ваш баланс: $8,268,139
[2026-02-11 17:40:57] [INFO] [Dashboard] Reset order manual_1770824231594
[2026-02-11 17:41:02] [INFO] [CHAT] [$] Ваш баланс: $8,268,139
[2026-02-11 17:41:05] [INFO] [Dashboard] Deleted order manual_1770824231594
[2026-02-11 17:41:08] [INFO] [Dashboard] Created manual order for mullaxul1 ($1)
[2026-02-11 17:41:08] [INFO] New order detected: #manual_1770824468037
[2026-02-11 17:41:09] [INFO] [CHAT] Ⓛ <шгш> [Глава] zXCOPXz Врун ⇨ б*яя
[2026-02-11 17:41:12] [INFO] [CHAT] [$] Ваш баланс: $8,268,139
[2026-02-11 17:41:14] [INFO] [CHAT] Ⓛ <шгш> [Глава] zXCOPXz Врун ⇨ надо хлеб
[2026-02-11 17:41:14] [INFO] [CHAT] Ⓛ <шгш> [Глава] toper102an ⇨ cho
[2026-02-11 17:41:18] [INFO] [CHAT] Ⓛ <шгш> [Глава] zXCOPXz Врун ⇨ 3 стака
[2026-02-11 17:41:19] [INFO] [CHAT] Ⓛ <шгш> [Глава] toper102an ⇨ zach
[2026-02-11 17:41:19] [INFO] [Dashboard] Deleted order manual_1770824468037
[2026-02-11 17:41:21] [INFO] Stopping...
[2026-02-11 17:41:24] [INFO] Starting ZeroCardinal...
[2026-02-11 17:41:24] [INFO] OrderManager started (DB Mode + Socket)
[2026-02-11 17:41:24] [INFO] Initializing database at C:\Users\mrmal\Desktop\projects\java\ZeroCardinal\FpCardinal\shared\data.db
[2026-02-11 17:41:24] [INFO] Database tables verified.
[2026-02-11 17:41:24] [INFO] Loaded 1 dialogs and 0 pending orders
[2026-02-11 17:41:24] [INFO] Connecting to server...
[2026-02-11 17:41:24] [INFO] Socket Server listening on port 19132
[2026-02-11 17:41:24] [INFO] Web Dashboard running at http://localhost:3000
[2026-02-11 17:41:25] [INFO] Python Bridge connected via Socket
[2026-02-11 17:41:25] [INFO] [CHAT] [✾] Успешная авторизация! Приятной игры!
[2026-02-11 17:41:25] [INFO] Auth successful. Joining Anarchy 401...
[2026-02-11 17:41:25] [INFO] Bot ZeroCardinal logged in.
[2026-02-11 17:41:25] [INFO] [CHAT] ╔════ ★ SpookyTime.net ★ ════╗
║ 
║  Добро пожаловать на SpookyTime
║  Наши социальные сети — /links
║  Приятной игры и новых побед!
║ 
╚══════════════════════╝
[2026-02-11 17:41:25] [INFO] Auth successful. Joining Anarchy 401...
[2026-02-11 17:41:25] [INFO] Bot spawned.
[2026-02-11 17:41:26] [INFO] [CHAT] [⚠] Данной команды не существует!
[2026-02-11 17:41:27] [INFO] [CHAT] Уже подключаемся на этот сервер!
[2026-02-11 17:41:27] [INFO] Bot ZeroCardinal logged in.
[2026-02-11 17:41:27] [INFO] Bot spawned.
[2026-02-11 17:41:28] [INFO] [CHAT] ** ! Внимание !
** Чтобы ваш Аккаунт был в БЕЗОПАСНОСТИ!
** Привяжите его к ВК: /vk
** Или к Телеграм: /tg

** ! Внимание !
** Чтобы ваш Аккаунт был в БЕЗОПАСНОСТИ!
** Привяжите его к ВК: /vk
** Или к Телеграм: /tg
[2026-02-11 17:41:31] [INFO] [CHAT] [$] Ваш баланс: $8,268,139
[2026-02-11 17:41:37] [INFO] [Dashboard] Created manual order for mullaxul1 ($1)
[2026-02-11 17:41:37] [INFO] New order detected: #manual_1770824497078
[2026-02-11 17:41:37] [INFO] Starting dialog for order #manual_1770824497078. Status: processing
[2026-02-11 17:41:42] [INFO] [CHAT] Ⓖ [Глава] dotagul1337228xz ⇨ ищю тима на 401 анку 3/4
[2026-02-11 17:41:42] [INFO] [CHAT] [$] Ваш баланс: $8,268,139
[2026-02-11 17:41:52] [INFO] [CHAT] Ⓖ <шгш> [Глава] toper102an ⇨ all kypite perki
[2026-02-11 17:41:54] [INFO] [CHAT] [$] Ваш баланс: $8,268,139
[2026-02-11 17:41:55] [INFO] [CHAT] Ⓛ <шгш> [Глава] toper102an ⇨ cho
[2026-02-11 17:41:57] [INFO] Processing order #manual_1770824497078
[2026-02-11 17:41:57] [INFO] [CHAT] ⚡ Игрок не найден
[2026-02-11 17:41:58] [INFO] Processing order #manual_1770824497078
[2026-02-11 17:41:58] [INFO] [CHAT] ⚡ Игрок не найден
[2026-02-11 17:42:06] [INFO] [CHAT] Ⓛ <шгш> [Глава] zXCOPXz Врун ⇨ иди кто тп
[2026-02-11 17:42:18] [INFO] [CHAT] [$] Ваш баланс: $8,268,139
[2026-02-11 17:42:20] [INFO] [CHAT] Ⓛ <шгш> [Глава] zXCOPXz Врун ⇨ ssg_ll0
[2026-02-11 17:42:23] [INFO] [CHAT] Ⓛ <uuu> [Глава] ssg_ll0 Кек ⇨ ?
[2026-02-11 17:42:28] [INFO] [CHAT] [$] Ваш баланс: $8,268,139
[2026-02-11 17:42:31] [INFO] [CHAT] Ⓛ <шгш> [Глава] zXCOPXz Врун ⇨ щя
[2026-02-11 17:42:40] [INFO] [CHAT] [$] Ваш баланс: $8,268,139
[2026-02-11 17:42:41] [INFO] [CHAT] Ⓛ <шгш> [Глава] zXCOPXz Врун ⇨ привет
[2026-02-11 17:42:48] [INFO] [CHAT] ╔
[2026-02-11 17:42:48] [INFO] [CHAT] ╠                  !!! ВАЖНО !!!
[2026-02-11 17:42:48] [INFO] [CHAT] ╠ Получите 2,000 Токенов за привязку к
[2026-02-11 17:42:49] [INFO] [CHAT] ╠ ВКонтакте и Телеграму!
[2026-02-11 17:42:49] [INFO] [CHAT] ╠
[2026-02-11 17:42:49] [INFO] [CHAT] ╠ Подробнее: /tg (Привязка к ТГ)
[2026-02-11 17:42:49] [INFO] [CHAT] ╠ Подробнее: /vk (Привязка к ВК)
[2026-02-11 17:42:49] [INFO] [CHAT] ╚
[2026-02-11 17:42:49] [INFO] [CHAT] Ⓛ <шгш> [Глава] zXCOPXz Врун ⇨ у тя есть база?
[2026-02-11 17:42:49] [INFO] [CHAT] Ⓛ <uuu> [Глава] ssg_ll0 Кек ⇨ я отойду на минут 10
[2026-02-11 17:42:50] [INFO] [CHAT] [$] Ваш баланс: $8,268,139
[2026-02-11 17:42:53] [INFO] [CHAT] Ⓛ <шгш> [Глава] zXCOPXz Врун ⇨ стой
[2026-02-11 17:43:02] [INFO] [CHAT] [$] Ваш баланс: $8,268,139
[2026-02-11 17:43:14] [INFO] [CHAT] [$] Ваш баланс: $8,268,139
[2026-02-11 17:43:26] [INFO] [CHAT] [$] Ваш баланс: $8,268,139
[2026-02-11 17:43:38] [INFO] [CHAT] [$] Ваш баланс: $8,268,139
[2026-02-11 17:43:57] [INFO] [CHAT] [$] Ваш баланс: $8,268,139
[2026-02-11 17:44:00] [INFO] [CHAT] Ⓖ <sTado> ﴾Игрок﴿ Xaruka_Hill Батя ⇨ ох ебать никита2016 зашел
[2026-02-11 17:44:10] [INFO] [CHAT] Ⓖ <sisi> [Игрок] princh_bleck Даун ⇨ Ну и че
[2026-02-11 17:44:22] [INFO] [CHAT] Ⓖ <sisi> [Игрок] princh_bleck Даун ⇨ ты ебанулся
[2026-02-11 17:44:26] [INFO] [CHAT] Ⓖ <sisi> [Игрок] princh_bleck Даун ⇨ ему не 10
[2026-02-11 17:44:28] [INFO] [CHAT] Ⓖ <sTado> ﴾Игрок﴿ Xaruka_Hill Батя ⇨ вайт принч тоже ты?
[2026-02-11 17:44:39] [INFO] [CHAT] Ⓖ <sisi> [Игрок] princh_bleck Даун ⇨ в дс пошли нищенка
[2026-02-11 17:44:48] [INFO] [CHAT] ╔
[2026-02-11 17:44:48] [INFO] [CHAT] ╠ У нас очень часто проходят конкурсы
[2026-02-11 17:44:48] [INFO] [CHAT] ╠ Список актуальных конкурсов можно посмотреть:
[2026-02-11 17:44:48] [INFO] [CHAT] ╠ Вводи команду /конкурсы
[2026-02-11 17:44:48] [INFO] [CHAT] ╚
[2026-02-11 17:44:49] [INFO] [CHAT] Ⓖ <sTado> ﴾Игрок﴿ Xaruka_Hill Батя ⇨ на вопрос ответь е**лнище
[2026-02-11 17:44:51] [INFO] [CHAT] Ⓖ <EclipsSquad> [Элита] npevocxodoHocTb ⇨ all /ah npevocxodoHocTb самый продам опыт 15 уровня
[2026-02-11 17:44:54] [INFO] [CHAT] Ⓖ <EclipsSquad> [Элита] npevocxodoHocTb ⇨ all /ah npevocxodoHocTb самый продам опыт 15 уровня
[2026-02-11 17:44:55] [INFO] [CHAT] Ⓖ <sisi> [Игрок] princh_bleck Даун ⇨ ну я
[2026-02-11 17:44:57] [INFO] [CHAT] [$] Ваш баланс: $8,268,139
[2026-02-11 17:45:09] [INFO] [CHAT] Ⓖ <sTado> ﴾Игрок﴿ Xaruka_Hill Батя ⇨ ну тогда я буду на 3 месте по убийсту я тя обганю
[2026-02-11 17:45:19] [INFO] [CHAT] Ⓖ <sisi> [Игрок] princh_bleck Даун ⇨ так и че
[2026-02-11 17:45:27] [INFO] [CHAT] Ⓖ <sisi> [Игрок] princh_bleck Даун ⇨ я пока что с это ниграю
[2026-02-11 17:45:29] [INFO] [CHAT] Ⓖ <sTado> ﴾Игрок﴿ Xaruka_Hill Батя ⇨ так х*й через пличе
[2026-02-11 17:45:39] [INFO] [CHAT] Ⓖ <sisi> [Игрок] princh_bleck Даун ⇨ пошли в дс повторяю
[2026-02-11 17:45:49] [INFO] [CHAT] Ⓖ <sTado> ﴾Игрок﴿ Xaruka_Hill Батя ⇨ ниту
[2026-02-11 17:45:51] [INFO] [CHAT] Ⓖ <sisi> [Игрок] princh_bleck Даун ⇨ вк
[2026-02-11 17:45:54] [INFO] [CHAT] Ⓖ <sTado> ﴾Игрок﴿ Xaruka_Hill Батя ⇨ я не сижу там смысл мне
[2026-02-11 17:45:57] [INFO] [CHAT] [$] Ваш баланс: $8,268,139
[2026-02-11 17:45:59] [INFO] [CHAT] Ⓖ <sisi> [Игрок] princh_bleck Даун ⇨ вк пошшли
[2026-02-11 17:46:01] [INFO] [CHAT] Ⓖ <sTado> ﴾Игрок﴿ Xaruka_Hill Батя ⇨ вк у меня заблокан
[2026-02-11 17:46:10] [INFO] [CHAT] Ⓖ <sisi> [Игрок] princh_bleck Даун ⇨ качай дс
[2026-02-11 17:46:11] [INFO] [CHAT] Ⓖ ﴾Князь﴿ _pakeman_ 0iq ⇨ Харука закрой свое е**ло гнилое отсосал сегодня и ливнул с позором
[2026-02-11 17:46:15] [INFO] [CHAT] Ⓖ <sisi> [Игрок] princh_bleck Даун ⇨ сыкло
[2026-02-11 17:46:32] [INFO] [CHAT] Ⓖ <sTado> ﴾Игрок﴿ Xaruka_Hill Батя ⇨ пакер а ты б***ь кто такой я тя даже не знаю
[2026-02-11 17:46:43] [INFO] [CHAT] Ⓖ <sisi> [Игрок] princh_bleck Даун ⇨ наша
[2026-02-11 17:46:44] [INFO] [CHAT] Ⓖ ﴾Князь﴿ _pakeman_ 0iq ⇨ Тебя не должно ебать кто я
[2026-02-11 17:46:48] [INFO] [CHAT] ╔
[2026-02-11 17:46:48] [INFO] [CHAT] ╠ У нас можно забрать БЕСПЛАТНЫЕ ТОКЕНЫ!
[2026-02-11 17:46:48] [INFO] [CHAT] ╠ Подробная информация /tokens
[2026-02-11 17:46:48] [INFO] [CHAT] ╚
[2026-02-11 17:46:57] [INFO] [CHAT] [$] Ваш баланс: $8,268,139
[2026-02-11 17:47:01] [INFO] [CHAT] Ⓖ <sisi> [Игрок] princh_bleck Даун ⇨ это наш слон
[2026-02-11 17:47:03] [INFO] [CHAT] Ⓖ <sTado> ﴾Игрок﴿ Xaruka_Hill Батя ⇨ аа так это вы 3х1
[2026-02-11 17:47:06] [INFO] [CHAT] Ⓖ ﴾Князь﴿ _pakeman_ 0iq ⇨ просто заткни свои жировые складки
[2026-02-11 17:47:08] [INFO] [CHAT] Ⓖ <EclipsSquad> [Элита] npevocxodoHocTb ⇨ all /ah npevocxodoHocTb самый продам опыт 15 уровня
[2026-02-11 17:47:14] [INFO] [CHAT] Ⓖ <EclipsSquad> [Элита] npevocxodoHocTb ⇨ all /ah npevocxodoHocTb самый продам опыт 15 уровня
[2026-02-11 17:47:35] [INFO] [CHAT] Ⓖ ﴾Князь﴿ _pakeman_ 0iq ⇨ 3х1 я з4 из тотемом а они два тебя убили знаешь за что
[2026-02-11 17:47:57] [INFO] [CHAT] [$] Ваш баланс: $8,268,139
[2026-02-11 17:48:02] [INFO] [CHAT] Ⓖ <sTado> ﴾Игрок﴿ Xaruka_Hill Батя ⇨ лева я знаю за что я помириться хотел чар ему дал а вайт я не ебу за что
[2026-02-11 17:48:06] [INFO] [CHAT] Ⓖ <sTado> ﴾Игрок﴿ Xaruka_Hill Батя ⇨ он кидок ебаный
[2026-02-11 17:48:15] [INFO] [CHAT] Ⓖ <sTado> ﴾Игрок﴿ Xaruka_Hill Батя ⇨ леву то я понемаю
[2026-02-11 17:48:27] [INFO] [CHAT] Ⓖ [Игрок] KOHKYPC_DONAT210 ⇨ all появился НОВЫЙ tgк Sponke_dk там происходит МАСШТАБНЫЙ РОЗЫГРЫШ на кейсы
[2026-02-11 17:48:33] [INFO] [CHAT] Ⓖ <шгш> [Глава] toper102an ⇨ xaruka eto ti kidok mi timilis a vi ne xelpovali mne
[2026-02-11 17:48:34] [INFO] [CHAT] Ⓛ <uuu> [Глава] ssg_ll0 Кек ⇨ вся я пришел
[2026-02-11 17:48:37] [INFO] [CHAT] ╔══════════════════════════════════
║ > ❤ Игрок никскрыт купил 1 СУПЕР Кейс с Донатом
║ > Проверь свою удачу у нас!
║ > Покупай и ты на сайте shop.SpookyTime.net
╚══════════════════════════════════
[2026-02-11 17:48:42] [INFO] [CHAT] [$] Ваш баланс: $8,268,139
[2026-02-11 17:48:47] [INFO] [CHAT] Ⓖ <EclipsSquad> [Элита] npevocxodoHocTb ⇨ all /ah npevocxodoHocTb самый дешовый опыт 15 уровня
[2026-02-11 17:48:48] [INFO] [CHAT] Ⓖ <sTado> ﴾Игрок﴿ Xaruka_Hill Батя ⇨ топер ты меня отпиздить хотел д**н
[2026-02-11 17:48:48] [INFO] [CHAT] ╔
[2026-02-11 17:48:48] [INFO] [CHAT] ╠                  !!! ВАЖНО !!!
[2026-02-11 17:48:48] [INFO] [CHAT] ╠ Получите 2,000 Токенов за привязку к
[2026-02-11 17:48:48] [INFO] [CHAT] ╠ ВКонтакте и Телеграму!
[2026-02-11 17:48:48] [INFO] [CHAT] ╠
[2026-02-11 17:48:48] [INFO] [CHAT] ╠ Подробнее: /tg (Привязка к ТГ)
[2026-02-11 17:48:48] [INFO] [CHAT] ╠ Подробнее: /vk (Привязка к ВК)
[2026-02-11 17:48:48] [INFO] [CHAT] ╚
[2026-02-11 17:48:51] [INFO] [CHAT] Ⓖ <EclipsSquad> [Элита] npevocxodoHocTb ⇨ all /ah npevocxodoHocTb самый дешовый опыт 15 уровня
[2026-02-11 17:48:52] [INFO] [CHAT] [$] Ваш баланс: $8,268,139
[2026-02-11 17:49:02] [INFO] [CHAT] Ⓖ <шгш> [Глава] toper102an ⇨ potom mi zati,ilis
[2026-02-11 17:49:04] [INFO] [CHAT] [$] Ваш баланс: $8,268,139
[2026-02-11 17:49:08] [INFO] [CHAT] Ⓖ <шгш> [Глава] toper102an ⇨ timilis
[2026-02-11 17:49:16] [INFO] [CHAT] [$] Ваш баланс: $8,268,139
[2026-02-11 17:49:28] [INFO] [CHAT] [$] Ваш баланс: $8,268,139
[2026-02-11 17:49:33] [INFO] [CHAT] Ⓖ <sTado> ﴾Игрок﴿ Xaruka_Hill Батя ⇨ меня тимейты тоже много раз не спасали я же на них не гоню что они кидалы
[2026-02-11 17:49:40] [INFO] [CHAT] [$] Ваш баланс: $8,268,139
[2026-02-11 17:49:50] [INFO] Stopping...
[2026-02-11 17:50:00] [INFO] Starting ZeroCardinal...
[2026-02-11 17:50:00] [INFO] OrderManager started (DB Mode + Socket)
[2026-02-11 17:50:00] [INFO] Initializing database at C:\Users\mrmal\Desktop\projects\java\ZeroCardinal\FpCardinal\shared\data.db
[2026-02-11 17:50:00] [INFO] Database tables verified.
[2026-02-11 17:50:00] [INFO] Loaded 1 dialogs and 0 pending orders
[2026-02-11 17:50:00] [INFO] Connecting to server...
[2026-02-11 17:50:00] [INFO] Socket Server listening on port 19132
[2026-02-11 17:50:00] [INFO] Web Dashboard running at http://localhost:3000
[2026-02-11 17:50:01] [INFO] [CHAT] [✾] Успешная авторизация! Приятной игры!
[2026-02-11 17:50:01] [INFO] Auth successful. Joining Anarchy 401...
[2026-02-11 17:50:01] [INFO] Bot ZeroCardinal logged in.
[2026-02-11 17:50:01] [INFO] [CHAT] ╔════ ★ SpookyTime.net ★ ════╗
║ 
║  Добро пожаловать на SpookyTime
║  Наши социальные сети — /links
║  Приятной игры и новых побед!
║ 
╚══════════════════════╝
[2026-02-11 17:50:01] [INFO] Auth successful. Joining Anarchy 401...
[2026-02-11 17:50:02] [INFO] Bot spawned.
[2026-02-11 17:50:02] [INFO] Python Bridge connected via Socket
[2026-02-11 17:50:03] [INFO] [CHAT] ⚡ Наш Телеграм Канал telegram.me/spookytimenet
[2026-02-11 17:50:03] [INFO] [CHAT] Уже подключаемся на этот сервер!
[2026-02-11 17:50:03] [INFO] Bot ZeroCardinal logged in.
[2026-02-11 17:50:04] [INFO] Bot spawned.
[2026-02-11 17:50:04] [INFO] [CHAT] Ⓛ <uuu> [Глава] ssg_ll0 Кек ⇨ допустим
[2026-02-11 17:50:04] [INFO] [CHAT] ** ! Внимание !
** Чтобы ваш Аккаунт был в БЕЗОПАСНОСТИ!
** Привяжите его к ВК: /vk
** Или к Телеграм: /tg

** ! Внимание !
** Чтобы ваш Аккаунт был в БЕЗОПАСНОСТИ!
** Привяжите его к ВК: /vk
** Или к Телеграм: /tg
[2026-02-11 17:50:30] [INFO] [CHAT] [$] Ваш баланс: $8,268,139
[2026-02-11 17:50:30] [INFO] [CHAT] Ⓛ <шгш> [Глава] zXCOPXz Врун ⇨ можешь на нее тепнутся?
[2026-02-11 17:50:35] [INFO] [CHAT] Ⓛ <uuu> [Глава] ssg_ll0 Кек ⇨ не
[2026-02-11 17:50:36] [INFO] [Dashboard] Reset order manual_1770824497078
[2026-02-11 17:50:37] [INFO] New order detected: #manual_1770824497078
[2026-02-11 17:50:37] [INFO] Starting dialog for order #manual_1770824497078. Status: processing
[2026-02-11 17:50:38] [INFO] [CHAT] Ⓛ <шгш> [Глава] zXCOPXz Врун ⇨ поч
[2026-02-11 17:50:40] [INFO] [CHAT] [$] Ваш баланс: $8,268,139
[2026-02-11 17:50:47] [INFO] [CHAT] Ⓛ <uuu> [Глава] ssg_ll0 Кек ⇨ потому что
[2026-02-11 17:50:48] [INFO] [CHAT] ╔
[2026-02-11 17:50:48] [INFO] [CHAT] ╠ Через нашего Телеграм Бота можно узнать:
[2026-02-11 17:50:48] [INFO] [CHAT] ╠ /mines - список авто-шахт на всех анархиях
[2026-02-11 17:50:48] [INFO] [CHAT] ╠ /events - список ивентов на всех анархиях
[2026-02-11 17:50:48] [INFO] [CHAT] ╠ /beacons - список загадочных маяков на всех анархиях
[2026-02-11 17:50:48] [INFO] [CHAT] ╠ И многое другое, что сделает игру ещё комфортнее
[2026-02-11 17:50:48] [INFO] [CHAT] ╠ Ссылка: telegram.me/spookytimebot
[2026-02-11 17:50:48] [INFO] [CHAT] ╚
[2026-02-11 17:50:52] [INFO] [CHAT] Ⓛ <шгш> [Глава] zXCOPXz Врун ⇨ крч приват нужен
[2026-02-11 17:50:52] [INFO] [CHAT] [$] Ваш баланс: $8,268,139
[2026-02-11 17:50:53] [INFO] Processing order #manual_1770824497078
[2026-02-11 17:50:53] [INFO] Payment attempt 1/5 for order #manual_1770824497078
[2026-02-11 17:50:53] [INFO] [CHAT] ⚡ Игрок не найден
[2026-02-11 17:50:53] [WARN] Payment attempt 1 failed: not_found
[2026-02-11 17:50:54] [INFO] Processing order #manual_1770824497078
[2026-02-11 17:50:54] [INFO] Payment attempt 1/5 for order #manual_1770824497078
[2026-02-11 17:50:54] [INFO] [CHAT] ⚡ Игрок не найден
[2026-02-11 17:50:54] [WARN] Payment attempt 1 failed: not_found
[2026-02-11 17:50:55] [INFO] Processing order #manual_1770824497078
[2026-02-11 17:50:55] [INFO] Payment attempt 1/5 for order #manual_1770824497078
[2026-02-11 17:50:55] [INFO] [CHAT] ⚡ Игрок не найден
[2026-02-11 17:50:55] [WARN] Payment attempt 1 failed: not_found
[2026-02-11 17:50:56] [INFO] Processing order #manual_1770824497078
[2026-02-11 17:50:56] [INFO] Payment attempt 1/5 for order #manual_1770824497078
[2026-02-11 17:50:56] [INFO] [CHAT] ⚡ Игрок не найден
[2026-02-11 17:50:56] [WARN] Payment attempt 1 failed: not_found
[2026-02-11 17:50:57] [INFO] Processing order #manual_1770824497078
[2026-02-11 17:50:57] [INFO] Payment attempt 1/5 for order #manual_1770824497078
[2026-02-11 17:50:57] [INFO] [CHAT] ⚡ Игрок не найден
[2026-02-11 17:50:57] [WARN] Payment attempt 1 failed: not_found
[2026-02-11 17:50:58] [INFO] Processing order #manual_1770824497078
[2026-02-11 17:50:58] [INFO] Payment attempt 1/5 for order #manual_1770824497078
[2026-02-11 17:50:58] [INFO] [CHAT] ⚡ Игрок не найден
[2026-02-11 17:50:58] [WARN] Payment attempt 1 failed: not_found
[2026-02-11 17:50:59] [INFO] Processing order #manual_1770824497078
[2026-02-11 17:50:59] [INFO] Payment attempt 1/5 for order #manual_1770824497078
[2026-02-11 17:50:59] [INFO] [CHAT] ⚡ Игрок не найден
[2026-02-11 17:50:59] [WARN] Payment attempt 1 failed: not_found
[2026-02-11 17:51:00] [INFO] Processing order #manual_1770824497078
[2026-02-11 17:51:00] [INFO] Payment attempt 1/5 for order #manual_1770824497078
[2026-02-11 17:51:00] [INFO] [CHAT] ⚡ Игрок не найден
[2026-02-11 17:51:00] [WARN] Payment attempt 1 failed: not_found
[2026-02-11 17:51:01] [INFO] Processing order #manual_1770824497078
[2026-02-11 17:51:01] [INFO] Payment attempt 1/5 for order #manual_1770824497078
[2026-02-11 17:51:01] [INFO] [CHAT] ⚡ Игрок не найден
[2026-02-11 17:51:01] [WARN] Payment attempt 1 failed: not_found
[2026-02-11 17:51:02] [INFO] Processing order #manual_1770824497078
[2026-02-11 17:51:02] [INFO] Payment attempt 1/5 for order #manual_1770824497078
[2026-02-11 17:51:02] [INFO] [CHAT] ⚡ Игрок не найден
[2026-02-11 17:51:02] [WARN] Payment attempt 1 failed: not_found
[2026-02-11 17:51:03] [INFO] Processing order #manual_1770824497078
[2026-02-11 17:51:03] [INFO] Payment attempt 1/5 for order #manual_1770824497078
[2026-02-11 17:51:03] [INFO] [CHAT] ⚡ Игрок не найден
[2026-02-11 17:51:03] [WARN] Payment attempt 1 failed: not_found
[2026-02-11 17:51:04] [INFO] [CHAT] [$] Ваш баланс: $8,268,139
[2026-02-11 17:51:04] [INFO] Processing order #manual_1770824497078
[2026-02-11 17:51:04] [INFO] Payment attempt 1/5 for order #manual_1770824497078
[2026-02-11 17:51:04] [INFO] [CHAT] ⚡ Игрок не найден
[2026-02-11 17:51:04] [WARN] Payment attempt 1 failed: not_found
[2026-02-11 17:51:05] [INFO] Processing order #manual_1770824497078
[2026-02-11 17:51:05] [INFO] Payment attempt 1/5 for order #manual_1770824497078
[2026-02-11 17:51:05] [INFO] [CHAT] ⚡ Игрок не найден
[2026-02-11 17:51:05] [WARN] Payment attempt 1 failed: not_found
[2026-02-11 17:51:06] [INFO] Processing order #manual_1770824497078
[2026-02-11 17:51:06] [INFO] Payment attempt 1/5 for order #manual_1770824497078
[2026-02-11 17:51:06] [INFO] [CHAT] ⚡ Игрок не найден
[2026-02-11 17:51:06] [WARN] Payment attempt 1 failed: not_found
[2026-02-11 17:51:07] [INFO] Processing order #manual_1770824497078
[2026-02-11 17:51:07] [INFO] Payment attempt 1/5 for order #manual_1770824497078
[2026-02-11 17:51:07] [INFO] [CHAT] ⚡ Игрок не найден
[2026-02-11 17:51:07] [WARN] Payment attempt 1 failed: not_found
[2026-02-11 17:51:08] [INFO] Processing order #manual_1770824497078
[2026-02-11 17:51:08] [INFO] Payment attempt 1/5 for order #manual_1770824497078
[2026-02-11 17:51:08] [INFO] [CHAT] ⚡ Игрок не найден
[2026-02-11 17:51:08] [WARN] Payment attempt 1 failed: not_found
[2026-02-11 17:51:09] [INFO] Stopping...
[2026-02-11 17:55:27] [INFO] Starting ZeroCardinal...
[2026-02-11 17:55:27] [INFO] OrderManager started (DB Mode + Socket)
[2026-02-11 17:55:27] [INFO] Initializing database at C:\Users\mrmal\Desktop\projects\java\ZeroCardinal\FpCardinal\shared\data.db
[2026-02-11 17:55:27] [INFO] Database tables verified.
[2026-02-11 17:55:27] [INFO] Loaded 2 dialogs and 0 pending orders
[2026-02-11 17:55:27] [INFO] Connecting to server...
[2026-02-11 17:55:28] [INFO] Socket Server listening on port 19132
[2026-02-11 17:55:28] [INFO] Web Dashboard running at http://localhost:3000
[2026-02-11 17:55:28] [INFO] [CHAT] [✾] Успешная авторизация! Приятной игры!
[2026-02-11 17:55:28] [INFO] Auth successful. Joining Anarchy 401...
[2026-02-11 17:55:28] [INFO] Bot ZeroCardinal logged in.
[2026-02-11 17:55:28] [INFO] Processing order #manual_1770824497078
[2026-02-11 17:55:28] [INFO] Payment attempt 1/5 for order #manual_1770824497078
[2026-02-11 17:55:28] [INFO] [CHAT] ╔════ ★ SpookyTime.net ★ ════╗
║ 
║  Добро пожаловать на SpookyTime
║  Наши социальные сети — /links
║  Приятной игры и новых побед!
║ 
╚══════════════════════╝
[2026-02-11 17:55:28] [INFO] Auth successful. Joining Anarchy 401...
[2026-02-11 17:55:28] [INFO] Bot spawned.
[2026-02-11 17:55:28] [INFO] [CHAT] [⚠] Данной команды не существует!
[2026-02-11 17:55:30] [INFO] [CHAT] [⚠] Данной команды не существует!
[2026-02-11 17:55:30] [INFO] [CHAT] Уже подключаемся на этот сервер!
[2026-02-11 17:55:30] [INFO] Bot ZeroCardinal logged in.
[2026-02-11 17:55:30] [INFO] Bot spawned.
[2026-02-11 17:55:31] [INFO] [CHAT] ** ! Внимание !
** Чтобы ваш Аккаунт был в БЕЗОПАСНОСТИ!
** Привяжите его к ВК: /vk
** Или к Телеграм: /tg

** ! Внимание !
** Чтобы ваш Аккаунт был в БЕЗОПАСНОСТИ!
** Привяжите его к ВК: /vk
** Или к Телеграм: /tg
[2026-02-11 17:55:32] [INFO] Python Bridge connected via Socket
[2026-02-11 17:55:32] [INFO] [CHAT] [$] Ваш баланс: $8,268,139
[2026-02-11 17:55:33] [WARN] Payment attempt 1 failed: timeout
[2026-02-11 17:55:36] [INFO] [Dashboard] Reset order manual_1770824497078
[2026-02-11 17:55:42] [INFO] [CHAT] [$] Ваш баланс: $8,268,139
[2026-02-11 17:55:51] [INFO] [Dashboard] Reset order manual_1770824497078
[2026-02-11 17:55:53] [INFO] Payment attempt 2/5 for order #manual_1770824497078
[2026-02-11 17:55:53] [INFO] [CHAT] ⚡ Игрок не найден
[2026-02-11 17:55:53] [WARN] Payment attempt 2 failed: not_found
[2026-02-11 17:55:53] [INFO] [Dashboard] Deleted order manual_1770824497078
[2026-02-11 17:55:54] [INFO] [CHAT] [$] Ваш баланс: $8,268,139
[2026-02-11 17:55:59] [INFO] [CHAT] Ⓛ <шгш> [Глава] zXCOPXz Врун ⇨ от своих денег возьму и куплю тебе. сет
[2026-02-11 17:55:59] [INFO] [Dashboard] Created manual order for mullaxul1 ($1)
[2026-02-11 17:55:59] [INFO] New order detected: #manual_1770825359248
[2026-02-11 17:55:59] [INFO] Starting dialog for order #manual_1770825359248. Status: processing
[2026-02-11 17:56:04] [INFO] [CHAT] [$] Ваш баланс: $8,268,139
[2026-02-11 17:56:08] [INFO] [CHAT] Ⓛ <шгш> [Глава] zXCOPXz Врун ⇨ стой
[2026-02-11 17:56:13] [INFO] [CHAT] Ⓛ <шгш> [Глава] zXCOPXz Врун ⇨ не утт
[2026-02-11 17:56:13] [INFO] Payment attempt 3/5 for order #manual_1770824497078
[2026-02-11 17:56:13] [INFO] [CHAT] ⚡ Игрок не найден
[2026-02-11 17:56:13] [WARN] Payment attempt 3 failed: not_found
[2026-02-11 17:56:16] [INFO] [CHAT] [$] Ваш баланс: $8,268,139
[2026-02-11 17:56:28] [INFO] [CHAT] [$] Ваш баланс: $8,268,139
[2026-02-11 17:56:30] [INFO] Stopping...
[2026-02-11 21:06:40] [INFO] Starting ZeroCardinal...
[2026-02-11 21:06:40] [INFO] OrderManager started (DB Mode + Socket)
[2026-02-11 21:06:40] [INFO] Initializing database at C:\Users\mrmal\Desktop\projects\java\ZeroCardinal\FpCardinal\shared\data.db
[2026-02-11 21:06:40] [INFO] Database tables verified.
[2026-02-11 21:06:40] [INFO] Loaded 2 dialogs and 0 pending orders
[2026-02-11 21:06:41] [INFO] Connecting to server...
[2026-02-11 21:06:41] [INFO] Socket Server listening on port 19132
[2026-02-11 21:06:41] [INFO] Web Dashboard running at http://localhost:3000
[2026-02-11 21:06:42] [INFO] Python Bridge connected via Socket
[2026-02-11 21:06:42] [INFO] [CHAT] [✾] Успешная авторизация! Приятной игры!
[2026-02-11 21:06:42] [INFO] Auth successful. Joining Anarchy 401...
[2026-02-11 21:06:42] [INFO] Bot ZeroCardinal logged in.
[2026-02-11 21:06:42] [INFO] [CHAT] ╔════ ★ SpookyTime.net ★ ════╗
║ 
║  Добро пожаловать на SpookyTime
║  Наши социальные сети — /links
║  Приятной игры и новых побед!
║ 
╚══════════════════════╝
[2026-02-11 21:06:42] [INFO] Auth successful. Joining Anarchy 401...
[2026-02-11 21:06:43] [INFO] Bot spawned.
[2026-02-11 21:06:44] [INFO] [CHAT] Уже подключаемся на этот сервер!
[2026-02-11 21:06:44] [INFO] Bot ZeroCardinal logged in.
[2026-02-11 21:06:45] [INFO] Bot spawned.
[2026-02-11 21:06:45] [INFO] [CHAT] ** ! Внимание !
** Чтобы ваш Аккаунт был в БЕЗОПАСНОСТИ!
** Привяжите его к ВК: /vk
** Или к Телеграм: /tg

** ! Внимание !
** Чтобы ваш Аккаунт был в БЕЗОПАСНОСТИ!
** Привяжите его к ВК: /vk
** Или к Телеграм: /tg
[2026-02-11 21:06:47] [INFO] [CHAT] [$] Ваш баланс: $8,268,139
[2026-02-11 21:06:48] [INFO] [CHAT] ╔
[2026-02-11 21:06:48] [INFO] [CHAT] ╠              !!! АКТИВНЫЙ КОНКУРС !!!
[2026-02-11 21:06:48] [INFO] [CHAT] ╠ Разыгрываем 5 герцогов + 5 лямов токенов
[2026-02-11 21:06:48] [INFO] [CHAT] ╠ Вводи команду /конкурсы
[2026-02-11 21:06:48] [INFO] [CHAT] ╚
[2026-02-11 21:06:52] [INFO] [CHAT] Ⓖ <vaflu> ﴾Князь﴿ _Vaflu_ ЧСВ! ⇨ скинуть тебе его дс?
[2026-02-11 21:06:54] [INFO] [Dashboard] Reset order manual_1770825359248
[2026-02-11 21:06:59] [INFO] [CHAT] [$] Ваш баланс: $8,268,139
[2026-02-11 21:07:05] [INFO] [CHAT] Ⓖ [Сквид] Moshelli БДСМ ⇨ да вс лс
[2026-02-11 21:07:11] [INFO] [CHAT] [$] Ваш баланс: $8,268,139
[2026-02-11 21:07:12] [INFO] [CHAT] Ⓖ [Сквид] Moshelli БДСМ ⇨ обидно за наушники
[2026-02-11 21:07:23] [INFO] [CHAT] [$] Ваш баланс: $8,268,139
[2026-02-11 21:07:35] [INFO] [CHAT] [$] Ваш баланс: $8,268,139
[2026-02-11 21:07:47] [INFO] [CHAT] [$] Ваш баланс: $8,268,139
[2026-02-11 21:07:59] [INFO] [CHAT] [$] Ваш баланс: $8,268,139
[2026-02-11 21:08:11] [INFO] [CHAT] [$] Ваш баланс: $8,268,139
[2026-02-11 21:08:23] [INFO] [CHAT] [$] Ваш баланс: $8,268,139
[2026-02-11 21:08:33] [INFO] Processing order #manual_1770825359248
[2026-02-11 21:08:33] [INFO] Payment attempt 1/5 for order #manual_1770825359248
[2026-02-11 21:08:33] [INFO] [CHAT] [⟲] Введите команду повторно,
[2026-02-11 21:08:33] [INFO] [CHAT] чтобы отправить деньги: /pay piyakyn 1,000,000
[2026-02-11 21:08:35] [INFO] [CHAT] [$] Ваш баланс: $8,268,139
[2026-02-11 21:08:38] [WARN] Payment attempt 1 failed: timeout
[2026-02-11 21:08:47] [INFO] [CHAT] [$] Ваш баланс: $8,268,139
[2026-02-11 21:08:48] [INFO] [CHAT] ╔
[2026-02-11 21:08:48] [INFO] [CHAT] ╠                  !!! ВАЖНО !!!
[2026-02-11 21:08:48] [INFO] [CHAT] ╠ Получите 2,000 Токенов за привязку к
[2026-02-11 21:08:48] [INFO] [CHAT] ╠ ВКонтакте и Телеграму!
[2026-02-11 21:08:48] [INFO] [CHAT] ╠
[2026-02-11 21:08:48] [INFO] [CHAT] ╠ Подробнее: /tg (Привязка к ТГ)
[2026-02-11 21:08:48] [INFO] [CHAT] ╠ Подробнее: /vk (Привязка к ВК)
[2026-02-11 21:08:48] [INFO] [CHAT] ╚
[2026-02-11 21:08:55] [INFO] [CHAT] Ⓛ <dmp> [Глава] GU6ziCO (◑‿◐) ⇨ fg[fpg
[2026-02-11 21:08:58] [INFO] Payment attempt 2/5 for order #manual_1770825359248
[2026-02-11 21:08:58] [INFO] [CHAT] [✔] Успешно! Игроку piyakyn отправлено $1,000,000
[2026-02-11 21:08:59] [INFO] [CHAT] [$] Ваш баланс: $7,268,139
[2026-02-11 21:09:00] [INFO] [CHAT] Ⓛ <dmp> [Глава] GU6ziCO (◑‿◐) ⇨ 2х1 хотел
[2026-02-11 21:09:03] [WARN] Payment attempt 2 failed: timeout
[2026-02-11 21:09:11] [INFO] [CHAT] [$] Ваш баланс: $7,268,139
[2026-02-11 21:09:12] [INFO] [Dashboard] Reset order manual_1770825359248
[2026-02-11 21:09:18] [INFO] [CHAT] Ⓛ <dmp> [Глава] GU6ziCO (◑‿◐) ⇨ так вы 2х1
[2026-02-11 21:09:23] [INFO] [CHAT] [$] Ваш баланс: $7,268,139
[2026-02-11 21:09:23] [INFO] Payment attempt 3/5 for order #manual_1770825359248
[2026-02-11 21:09:23] [INFO] [CHAT] [⟲] Введите команду повторно,
[2026-02-11 21:09:23] [INFO] [CHAT] чтобы отправить деньги: /pay piyakyn 1,000,000
[2026-02-11 21:09:23] [INFO] [CHAT] ╔═ Скупщик ══════════════╗
║  Список «Горячих товаров» обновлен!
║  Заработай на товарах введя /buyer
║                   [Открыть]
╚═════════════════════╝
[2026-02-11 21:09:28] [WARN] Payment attempt 3 failed: timeout
[2026-02-11 21:09:29] [INFO] [CHAT] ╔══╦══╦══╦══╦══╦══╦══╦══╗
 ║
 ║      |||   [Маяк убийца]   |||
 ║    Уровень лута: Солидный
 ║    Появился на координатах -826 67 2289
 ║
 ╚══╩══╩══╩══╩══╩══╩══╩══╝
[2026-02-11 21:09:35] [INFO] [CHAT] [$] Ваш баланс: $7,268,139
[2026-02-11 21:09:47] [INFO] [CHAT] [$] Ваш баланс: $7,268,139
[2026-02-11 21:09:48] [INFO] Payment attempt 4/5 for order #manual_1770825359248
[2026-02-11 21:09:48] [INFO] [CHAT] [✔] Успешно! Игроку piyakyn отправлено $1,000,000
[2026-02-11 21:09:49] [INFO] [CHAT] Ⓖ <vaflu> ﴾Князь﴿ _Vaflu_ ЧСВ! ⇨ ага
[2026-02-11 21:09:56] [WARN] Payment attempt 4 failed: timeout
[2026-02-11 21:09:59] [INFO] [CHAT] [$] Ваш баланс: $6,268,139
[2026-02-11 21:10:11] [INFO] [CHAT] [$] Ваш баланс: $6,268,139
[2026-02-11 21:10:16] [INFO] Payment attempt 5/5 for order #manual_1770825359248
[2026-02-11 21:10:16] [INFO] [CHAT] [⟲] Введите команду повторно,
[2026-02-11 21:10:16] [INFO] [CHAT] чтобы отправить деньги: /pay piyakyn 1,000,000
[2026-02-11 21:10:21] [WARN] Payment attempt 5 failed: timeout
[2026-02-11 21:10:21] [WARN] All payment attempts failed for order #manual_1770825359248
[2026-02-11 21:10:24] [INFO] [CHAT] [$] Ваш баланс: $6,268,139
[2026-02-11 21:10:35] [INFO] [CHAT] [$] Ваш баланс: $6,268,139
[2026-02-11 21:10:47] [INFO] [CHAT] [$] Ваш баланс: $6,268,139
[2026-02-11 21:10:48] [INFO] [CHAT] ╔
[2026-02-11 21:10:48] [INFO] [CHAT] ╠ Мы есть в ДС - discord.gg/spookytime
[2026-02-11 21:10:48] [INFO] [CHAT] ╚
[2026-02-11 21:10:59] [INFO] [CHAT] [$] Ваш баланс: $6,268,139
[2026-02-11 21:11:16] [INFO] [CHAT] [$] От игрока piyakyn получено +$2,000,000
[2026-02-11 21:11:21] [INFO] [CHAT] [$] Ваш баланс: $8,268,139
[2026-02-11 21:11:31] [INFO] [Dashboard] Deleted order manual_1770825359248
[2026-02-11 21:11:31] [INFO] [CHAT] [$] Ваш баланс: $8,268,139
[2026-02-11 21:11:33] [INFO] Stopping...
[2026-02-11 21:12:51] [INFO] Starting ZeroCardinal...
[2026-02-11 21:12:51] [INFO] OrderManager started (DB Mode + Socket)
[2026-02-11 21:12:51] [INFO] Initializing database at C:\Users\mrmal\Desktop\projects\java\ZeroCardinal\FpCardinal\shared\data.db
[2026-02-11 21:12:51] [INFO] Database tables verified.
[2026-02-11 21:12:51] [INFO] Loaded 2 dialogs and 0 pending orders
[2026-02-11 21:12:51] [INFO] Connecting to server...
[2026-02-11 21:12:52] [INFO] Socket Server listening on port 19132
[2026-02-11 21:12:52] [INFO] Web Dashboard running at http://localhost:3000
[2026-02-11 21:12:53] [INFO] [CHAT] [✾] Успешная авторизация! Приятной игры!
[2026-02-11 21:12:53] [INFO] Auth successful. Joining Anarchy 401...
[2026-02-11 21:12:53] [INFO] Bot ZeroCardinal logged in.
[2026-02-11 21:12:53] [INFO] [CHAT] ╔════ ★ SpookyTime.net ★ ════╗
║ 
║  Добро пожаловать на SpookyTime
║  Наши социальные сети — /links
║  Приятной игры и новых побед!
║ 
╚══════════════════════╝
[2026-02-11 21:12:53] [INFO] Auth successful. Joining Anarchy 401...
[2026-02-11 21:12:53] [INFO] Bot spawned.
[2026-02-11 21:12:54] [INFO] Python Bridge connected via Socket
[2026-02-11 21:12:55] [INFO] [CHAT] Уже подключаемся на этот сервер!
[2026-02-11 21:12:55] [INFO] Bot ZeroCardinal logged in.
[2026-02-11 21:12:55] [INFO] [CHAT] [$] Ваш баланс: $8,268,139
[2026-02-11 21:12:55] [INFO] Bot spawned.
[2026-02-11 21:12:56] [INFO] [CHAT] ** ! Внимание !
** Чтобы ваш Аккаунт был в БЕЗОПАСНОСТИ!
** Привяжите его к ВК: /vk
** Или к Телеграм: /tg

** ! Внимание !
** Чтобы ваш Аккаунт был в БЕЗОПАСНОСТИ!
** Привяжите его к ВК: /vk
** Или к Телеграм: /tg
[2026-02-11 21:13:07] [INFO] [CHAT] [$] Ваш баланс: $8,268,139
[2026-02-11 21:13:15] [INFO] [Dashboard] Created manual order for mullaxul1 ($1)
[2026-02-11 21:13:15] [INFO] New order detected: #manual_1770837195132
[2026-02-11 21:13:15] [INFO] Starting dialog for order #manual_1770837195132. Status: processing
[2026-02-11 21:13:19] [INFO] [CHAT] [$] Ваш баланс: $8,268,139
[2026-02-11 21:13:31] [INFO] [CHAT] [$] Ваш баланс: $8,268,139
[2026-02-11 21:13:41] [INFO] Processing order #manual_1770825359248
[2026-02-11 21:13:41] [INFO] Payment attempt 1/5 for order #manual_1770825359248
[2026-02-11 21:13:41] [INFO] [CHAT] [⟲] Введите команду повторно,
[2026-02-11 21:13:41] [INFO] Server asked for confirmation. Resending pay command for order #manual_1770825359248
[2026-02-11 21:13:41] [INFO] [CHAT] чтобы отправить деньги: /pay piyakyn 1,000,000
[2026-02-11 21:13:41] [INFO] [CHAT] [✔] Успешно! Игроку piyakyn отправлено $1,000,000
[2026-02-11 21:13:41] [INFO] Payment successful for order #manual_1770825359248
[2026-02-11 21:13:43] [INFO] [CHAT] [$] Ваш баланс: $7,268,139
[2026-02-11 21:13:55] [INFO] [CHAT] [$] Ваш баланс: $7,268,139
[2026-02-11 21:14:07] [INFO] [CHAT] [$] Ваш баланс: $7,268,139
[2026-02-11 21:25:20] [ERROR] Bot error: client timed out after 30000 milliseconds
[2026-02-11 21:25:20] [ERROR] Bot error: read ECONNRESET
[2026-02-11 21:25:20] [WARN] Connection reset. Reconnecting...
[2026-02-11 21:25:20] [WARN] Connection closed.
[2026-02-11 21:25:22] [INFO] Stopping...
[2026-02-11 21:25:33] [INFO] Starting ZeroCardinal...
[2026-02-11 21:25:33] [INFO] OrderManager started (DB Mode + Socket)
[2026-02-11 21:25:33] [INFO] Initializing database at C:\Users\mrmal\Desktop\projects\java\ZeroCardinal\FpCardinal\shared\data.db
[2026-02-11 21:25:33] [INFO] Database tables verified.
[2026-02-11 21:25:33] [INFO] Loaded 1 dialogs and 0 pending orders
[2026-02-11 21:25:33] [INFO] Connecting to server...
[2026-02-11 21:25:34] [INFO] Socket Server listening on port 19132
[2026-02-11 21:25:34] [INFO] Web Dashboard running at http://localhost:3000
[2026-02-11 21:25:34] [INFO] Python Bridge connected via Socket
[2026-02-11 21:25:34] [INFO] [CHAT] [✾] Успешная авторизация! Приятной игры!
[2026-02-11 21:25:34] [INFO] Auth successful. Joining Anarchy 401...
[2026-02-11 21:25:34] [INFO] Bot ZeroCardinal logged in.
[2026-02-11 21:25:34] [INFO] [CHAT] ╔════ ★ SpookyTime.net ★ ════╗
║ 
║  Добро пожаловать на SpookyTime
║  Наши социальные сети — /links
║  Приятной игры и новых побед!
║ 
╚══════════════════════╝
[2026-02-11 21:25:34] [INFO] Auth successful. Joining Anarchy 401...
[2026-02-11 21:25:34] [INFO] Bot spawned.
[2026-02-11 21:25:36] [INFO] [CHAT] [⚠] Данной команды не существует!
[2026-02-11 21:25:36] [INFO] [CHAT] Уже подключаемся на этот сервер!
[2026-02-11 21:25:36] [INFO] Bot ZeroCardinal logged in.
[2026-02-11 21:25:36] [INFO] Bot spawned.
[2026-02-11 21:25:37] [INFO] [CHAT] ** ! Внимание !
** Чтобы ваш Аккаунт был в БЕЗОПАСНОСТИ!
** Привяжите его к ВК: /vk
** Или к Телеграм: /tg

** ! Внимание !
** Чтобы ваш Аккаунт был в БЕЗОПАСНОСТИ!
** Привяжите его к ВК: /vk
** Или к Телеграм: /tg
[2026-02-11 21:25:40] [INFO] [Dashboard] Reset order manual_1770837195132
[2026-02-11 21:25:40] [INFO] New order detected: #manual_1770837195132
[2026-02-11 21:25:40] [INFO] Starting dialog for order #manual_1770837195132. Status: processing
[2026-02-11 21:25:41] [INFO] [CHAT] [$] Ваш баланс: $7,268,139
[2026-02-11 21:25:52] [INFO] [CHAT] [$] Ваш баланс: $7,268,139
[2026-02-11 21:26:04] [INFO] [CHAT] [$] Ваш баланс: $7,268,139
[2026-02-11 21:26:05] [INFO] Processing order #manual_1770837195132
[2026-02-11 21:26:05] [INFO] Payment attempt 1/5 for order #manual_1770837195132
[2026-02-11 21:26:05] [INFO] [CHAT] [⟲] Введите команду повторно,
[2026-02-11 21:26:05] [INFO] Server asked for confirmation. Resending pay command for order #manual_1770837195132
[2026-02-11 21:26:05] [INFO] [CHAT] чтобы отправить деньги: /pay piyakyn 1,000,000
[2026-02-11 21:26:05] [INFO] [CHAT] [✔] Успешно! Игроку piyakyn отправлено $1,000,000
[2026-02-11 21:26:05] [INFO] Payment successful for order #manual_1770837195132
[2026-02-11 21:26:16] [INFO] [CHAT] [$] Ваш баланс: $6,268,139
[2026-02-11 21:26:27] [INFO] [CHAT] [$] Ваш баланс: $6,268,139
[2026-02-11 21:26:39] [INFO] [CHAT] [$] Ваш баланс: $6,268,139
[2026-02-11 21:26:48] [INFO] [CHAT] ╔
[2026-02-11 21:26:48] [INFO] [CHAT] ╠                  !!! ВАЖНО !!!
[2026-02-11 21:26:48] [INFO] [CHAT] ╠ Получите 2,000 Токенов за привязку к
[2026-02-11 21:26:48] [INFO] [CHAT] ╠ ВКонтакте и Телеграму!
[2026-02-11 21:26:48] [INFO] [CHAT] ╠
[2026-02-11 21:26:48] [INFO] [CHAT] ╠ Подробнее: /tg (Привязка к ТГ)
[2026-02-11 21:26:48] [INFO] [CHAT] ╠ Подробнее: /vk (Привязка к ВК)
[2026-02-11 21:26:48] [INFO] [CHAT] ╚
[2026-02-11 21:26:52] [INFO] [Dashboard] Deleted order manual_1770837195132
[2026-02-11 21:26:52] [INFO] [CHAT] [$] Ваш баланс: $6,268,139
[2026-02-11 21:27:01] [INFO] [CHAT] [$] От игрока piyakyn получено +$1,000,000
[2026-02-11 21:27:02] [INFO] [CHAT] [$] Ваш баланс: $7,268,139
[2026-02-11 21:27:14] [INFO] [CHAT] [$] Ваш баланс: $7,268,139
[2026-02-11 21:27:26] [INFO] [CHAT] [$] Ваш баланс: $7,268,139
[2026-02-11 21:27:31] [INFO] [CHAT] ╔══╦══╦══╦══╦══╦══╦══╦══╗
 ║
 ║      |||   [Метеоритный Дождь]   |||
 ║    Уровень лута: Обычный
 ║    Появился на координатах 1115 70 -1935
 ║
 ╚══╩══╩══╩══╩══╩══╩══╩══╝
[2026-02-11 21:27:38] [INFO] [CHAT] [$] Ваш баланс: $7,268,139
[2026-02-11 21:27:48] [INFO] [CHAT] Ⓛ [Князь] pover2345 БДСМ ⇨ fly
[2026-02-11 21:27:50] [INFO] [CHAT] [$] Ваш баланс: $7,268,139
[2026-02-11 21:28:11] [INFO] [CHAT] [$] Ваш баланс: $7,268,139
[2026-02-11 21:28:11] [INFO] [CHAT] [$] Ваш баланс: $7,268,139
[2026-02-11 21:28:26] [INFO] [CHAT] [$] Ваш баланс: $7,268,139
[2026-02-11 21:28:48] [ERROR] Bot error: read ECONNRESET
[2026-02-11 21:28:48] [WARN] Connection reset. Reconnecting...
[2026-02-11 21:28:48] [WARN] Connection closed.
[2026-02-11 21:29:08] [INFO] Reconnecting...
[2026-02-11 21:29:08] [INFO] Connecting to server...
[2026-02-11 21:29:09] [INFO] [CHAT] [✾] Успешная авторизация! Приятной игры!
[2026-02-11 21:29:09] [INFO] Auth successful. Joining Anarchy 401...
[2026-02-11 21:29:09] [INFO] Bot ZeroCardinal logged in.
[2026-02-11 21:29:09] [INFO] [CHAT] ╔════ ★ SpookyTime.net ★ ════╗
║ 
║  Добро пожаловать на SpookyTime
║  Наши социальные сети — /links
║  Приятной игры и новых побед!
║ 
╚══════════════════════╝
[2026-02-11 21:29:09] [INFO] Auth successful. Joining Anarchy 401...
[2026-02-11 21:29:09] [INFO] Bot spawned.
[2026-02-11 21:29:11] [INFO] [CHAT] Уже подключаемся на этот сервер!
[2026-02-11 21:29:11] [INFO] Bot ZeroCardinal logged in.
[2026-02-11 21:29:11] [INFO] Bot spawned.
[2026-02-11 21:29:12] [INFO] [CHAT] ** ! Внимание !
** Чтобы ваш Аккаунт был в БЕЗОПАСНОСТИ!
** Привяжите его к ВК: /vk
** Или к Телеграм: /tg

** ! Внимание !
** Чтобы ваш Аккаунт был в БЕЗОПАСНОСТИ!
** Привяжите его к ВК: /vk
** Или к Телеграм: /tg
[2026-02-11 21:29:38] [INFO] [CHAT] [$] Ваш баланс: $7,268,139
[2026-02-11 21:30:38] [INFO] [CHAT] [$] Ваш баланс: $7,268,139
[2026-02-11 21:30:48] [INFO] [CHAT] ╔
[2026-02-11 21:30:48] [INFO] [CHAT] ╠ Подключайся к нашим сообществам /links
[2026-02-11 21:30:48] [INFO] [CHAT] ╚
[2026-02-11 21:31:03] [INFO] [CHAT] Ⓖ <SlavAN> [Игрок] ywizzyx ЧСВ! ⇨ п***ры
[2026-02-11 21:31:38] [INFO] [CHAT] [$] Ваш баланс: $7,268,139
[2026-02-11 21:32:03] [INFO] [CHAT] [$] От игрока Macakasaber получено +$16,751,327
[2026-02-11 21:32:30] [INFO] [CHAT] Ⓖ [Князь] pover2345 БДСМ ⇨ ты был отпенисирован by_Haos Squad
[2026-02-11 21:32:38] [INFO] [CHAT] [$] Ваш баланс: $24,019,466
[2026-02-11 21:32:48] [INFO] [CHAT] ╔
[2026-02-11 21:32:48] [INFO] [CHAT] ╠          ! ГОЛОСОВОЙ ЧАТ !
[2026-02-11 21:32:48] [INFO] [CHAT] ╠ Теперь на сервере можно говорить!
[2026-02-11 21:32:48] [INFO] [CHAT] ╠ Подробная информация /voice
[2026-02-11 21:32:48] [INFO] [CHAT] ╚
[2026-02-11 21:33:38] [INFO] [CHAT] [$] Ваш баланс: $24,019,466
[2026-02-11 21:33:53] [INFO] [CHAT] ╔══════════════════════════════════
║ > ❤ Игрок никскрыт купил 1 СУПЕР Кейс с Донатом
║ > Проверь свою удачу у нас!
║ > Покупай и ты на сайте shop.SpookyTime.net
╚══════════════════════════════════
[2026-02-11 21:34:38] [INFO] [CHAT] [$] Ваш баланс: $24,019,466
[2026-02-11 21:34:48] [INFO] [CHAT] ╔
[2026-02-11 21:34:48] [INFO] [CHAT] ╠              !!! АКТИВНЫЙ КОНКУРС !!!
[2026-02-11 21:34:48] [INFO] [CHAT] ╠ Разыгрываем 5 герцогов + 5 лямов токенов
[2026-02-11 21:34:48] [INFO] [CHAT] ╠ Вводи команду /конкурсы
[2026-02-11 21:34:48] [INFO] [CHAT] ╚
[2026-02-11 21:35:38] [INFO] [CHAT] [$] Ваш баланс: $24,019,466
[2026-02-11 21:36:38] [INFO] [CHAT] [$] Ваш баланс: $24,019,466
[2026-02-11 21:36:48] [INFO] [CHAT] ╔
[2026-02-11 21:36:48] [INFO] [CHAT] ╠                  !!! ВАЖНО !!!
[2026-02-11 21:36:48] [INFO] [CHAT] ╠ Получите 2,000 Токенов за привязку к
[2026-02-11 21:36:48] [INFO] [CHAT] ╠ ВКонтакте и Телеграму!
[2026-02-11 21:36:48] [INFO] [CHAT] ╠
[2026-02-11 21:36:48] [INFO] [CHAT] ╠ Подробнее: /tg (Привязка к ТГ)
[2026-02-11 21:36:48] [INFO] [CHAT] ╠ Подробнее: /vk (Привязка к ВК)
[2026-02-11 21:36:48] [INFO] [CHAT] ╚
[2026-02-11 21:37:38] [INFO] [CHAT] [$] Ваш баланс: $24,019,466
[2026-02-11 21:37:59] [INFO] [CHAT] [$] От игрока piyakyn получено +$20,228,659
[2026-02-11 21:37:59] [INFO] [CHAT] Ⓖ <SlavAN> [Игрок] ywizzyx ЧСВ! ⇨ х*й вам а не талик сыновья шлюх
[2026-02-11 21:38:05] [INFO] [CHAT] Ⓖ <SlavAN> [Игрок] ywizzyx ЧСВ! ⇨ 1 на 1 сосали уффф как
[2026-02-11 21:38:09] [INFO] [CHAT] Ⓖ [Сквид] Moshelli БДСМ ⇨ жоск
[2026-02-11 21:38:13] [INFO] [CHAT] Ⓖ (Герцог) SosalKA_2014Orig ⇨  ywizzyx лабубаб
[2026-02-11 21:38:19] [INFO] [CHAT] Ⓖ (Герцог) SosalKA_2014Orig ⇨  баобаб
[2026-02-11 21:38:21] [INFO] [CHAT] Ⓖ <SlavAN> [Игрок] ywizzyx ЧСВ! ⇨ спасибо за отсос вам и вашим маетерям
[2026-02-11 21:38:27] [INFO] [CHAT] Ⓖ (Герцог) SosalKA_2014Orig ⇨  killed by kt squad
[2026-02-11 21:38:37] [INFO] [CHAT] Ⓖ <SlavAN> [Игрок] ywizzyx ЧСВ! ⇨ киллед бай г****ны
[2026-02-11 21:38:39] [INFO] [CHAT] [$] Ваш баланс: $44,248,125
[2026-02-11 21:38:46] [INFO] [CHAT] Ⓖ (Герцог) SosalKA_2014Orig ⇨  фони тоймер
[2026-02-11 21:38:46] [INFO] [CHAT] Ⓖ <SlavAN> [Игрок] ywizzyx ЧСВ! ⇨ ред имеется братья
[2026-02-11 21:38:48] [INFO] [CHAT] ╔
[2026-02-11 21:38:48] [INFO] [CHAT] ╠ У нас очень часто проходят конкурсы
[2026-02-11 21:38:48] [INFO] [CHAT] ╠ Список актуальных конкурсов можно посмотреть:
[2026-02-11 21:38:48] [INFO] [CHAT] ╠ Вводи команду /конкурсы
[2026-02-11 21:38:48] [INFO] [CHAT] ╚
[2026-02-11 21:38:49] [INFO] [CHAT] Ⓖ (Герцог) SosalKA_2014Orig ⇨  плеер
[2026-02-11 21:38:52] [INFO] [CHAT] Ⓖ <SlavAN> [Игрок] ywizzyx ЧСВ! ⇨ герцога не жалко?
[2026-02-11 21:38:55] [INFO] [CHAT] Ⓖ (Герцог) SosalKA_2014Orig ⇨  бб слабенький игрок
[2026-02-11 21:39:00] [INFO] [CHAT] Ⓖ <SlavAN> [Игрок] ywizzyx ЧСВ! ⇨ п***а те ахахахах
[2026-02-11 21:40:25] [INFO] [CHAT] Ⓖ [Глава] OTRVkno ⇨  алл кто к нам в тиму по дс с сетом от 11лет
[2026-02-11 21:40:37] [INFO] [CHAT] [$] От игрока maaaboooooooy получено +$9,700,000
[2026-02-11 21:40:43] [INFO] [CHAT] [$] От игрока Villentap123 получено +$10,000,000
[2026-02-11 21:40:48] [INFO] [CHAT] ╔
[2026-02-11 21:40:48] [INFO] [CHAT] ╠ Покупай Токены и получи бонус Кэшбек!
[2026-02-11 21:40:48] [INFO] [CHAT] ╠ Их можно потратить на некоторые товары
[2026-02-11 21:40:48] [INFO] [CHAT] ╠ Вводи команду /cashback для просмотра!
[2026-02-11 21:40:48] [INFO] [CHAT] ╚
[2026-02-11 21:41:17] [INFO] Stopping...
[2026-02-11 21:41:21] [INFO] Starting ZeroCardinal...
[2026-02-11 21:41:21] [INFO] OrderManager started (DB Mode + Socket)
[2026-02-11 21:41:21] [INFO] Initializing database at C:\Users\mrmal\Desktop\projects\java\ZeroCardinal\FpCardinal\shared\data.db
[2026-02-11 21:41:21] [INFO] Database tables verified.
[2026-02-11 21:41:21] [INFO] Loaded 1 dialogs and 0 pending orders
[2026-02-11 21:41:22] [INFO] Connecting to server...
[2026-02-11 21:41:22] [INFO] Socket Server listening on port 19132
[2026-02-11 21:41:22] [INFO] Web Dashboard running at http://localhost:3000
[2026-02-11 21:41:22] [INFO] Python Bridge connected via Socket
[2026-02-11 21:41:22] [ERROR] Bot error: read ECONNRESET
[2026-02-11 21:41:22] [WARN] Connection reset. Reconnecting...
[2026-02-11 21:41:22] [WARN] Connection closed.
[2026-02-11 21:41:42] [INFO] Reconnecting...
[2026-02-11 21:41:42] [INFO] Connecting to server...
[2026-02-11 21:41:43] [INFO] [CHAT] [✾] Успешная авторизация! Приятной игры!
[2026-02-11 21:41:43] [INFO] Auth successful. Joining Anarchy 401...
[2026-02-11 21:41:43] [INFO] Bot ZeroCardinal logged in.
[2026-02-11 21:41:43] [INFO] [CHAT] ╔════ ★ SpookyTime.net ★ ════╗
║ 
║  Добро пожаловать на SpookyTime
║  Наши социальные сети — /links
║  Приятной игры и новых побед!
║ 
╚══════════════════════╝
[2026-02-11 21:41:43] [INFO] Auth successful. Joining Anarchy 401...
[2026-02-11 21:41:43] [INFO] Bot spawned.
[2026-02-11 21:41:45] [INFO] [CHAT] Уже подключаемся на этот сервер!
[2026-02-11 21:41:45] [INFO] Bot ZeroCardinal logged in.
[2026-02-11 21:41:45] [INFO] Bot spawned.
[2026-02-11 21:41:46] [INFO] [CHAT] ** ! Внимание !
** Чтобы ваш Аккаунт был в БЕЗОПАСНОСТИ!
** Привяжите его к ВК: /vk
** Или к Телеграм: /tg

** ! Внимание !
** Чтобы ваш Аккаунт был в БЕЗОПАСНОСТИ!
** Привяжите его к ВК: /vk
** Или к Телеграм: /tg
[2026-02-11 21:42:18] [INFO] [CHAT] [$] Ваш баланс: $63,948,125
[2026-02-11 21:42:28] [INFO] [CHAT] [$] Ваш баланс: $63,948,125
[2026-02-11 21:42:33] [INFO] [CHAT] ╔══╦══╦══╦══╦══╦══╦══╦══╗
 ║
 ║      |||   [Вулкан]   |||
 ║    Уровень лута: Обычный
 ║    Появится уже через 3 минуты!
 ║
 ╚══╩══╩══╩══╩══╩══╩══╩══╝
[2026-02-11 21:42:34] [INFO] [Dashboard] Created manual order for mullaxul1 ($63)
[2026-02-11 21:42:34] [INFO] New order detected: #manual_1770838954237
[2026-02-11 21:42:34] [INFO] Starting dialog for order #manual_1770838954237. Status: processing
[2026-02-11 21:42:40] [INFO] [CHAT] [$] Ваш баланс: $63,948,125
[2026-02-11 21:42:48] [INFO] [CHAT] ╔
[2026-02-11 21:42:48] [INFO] [CHAT] ╠                  !!! ВАЖНО !!!
[2026-02-11 21:42:48] [INFO] [CHAT] ╠ Получите 2,000 Токенов за привязку к
[2026-02-11 21:42:48] [INFO] [CHAT] ╠ ВКонтакте и Телеграму!
[2026-02-11 21:42:48] [INFO] [CHAT] ╠
[2026-02-11 21:42:48] [INFO] [CHAT] ╠ Подробнее: /tg (Привязка к ТГ)
[2026-02-11 21:42:48] [INFO] [CHAT] ╠ Подробнее: /vk (Привязка к ВК)
[2026-02-11 21:42:48] [INFO] [CHAT] ╚
[2026-02-11 21:42:52] [INFO] [CHAT] [$] Ваш баланс: $63,948,125
[2026-02-11 21:43:01] [INFO] Processing order #manual_1770838954237
[2026-02-11 21:43:01] [INFO] Payment attempt 1/5 for order #manual_1770838954237
[2026-02-11 21:43:01] [INFO] [CHAT] [⟲] Введите команду повторно,
[2026-02-11 21:43:01] [INFO] Server asked for confirmation. Resending pay command for order #manual_1770838954237
[2026-02-11 21:43:01] [INFO] [CHAT] чтобы отправить деньги: /pay abcdeoptpr 63,000,000
[2026-02-11 21:43:01] [INFO] [CHAT] [✔] Успешно! Игроку abcdeoptpr отправлено $63,000,000
[2026-02-11 21:43:01] [INFO] Payment successful for order #manual_1770838954237
[2026-02-11 21:43:03] [INFO] [CHAT] [$] Ваш баланс: $948,125
[2026-02-11 21:43:15] [INFO] [CHAT] [$] Ваш баланс: $948,125
[2026-02-11 21:43:27] [INFO] [CHAT] [$] Ваш баланс: $948,125
[2026-02-11 21:43:39] [INFO] [CHAT] [$] Ваш баланс: $948,125
[2026-02-11 21:43:51] [INFO] [CHAT] [$] Ваш баланс: $948,125
[2026-02-11 21:44:03] [INFO] [CHAT] [$] Ваш баланс: $948,125
[2026-02-11 21:44:14] [INFO] [CHAT] [$] Ваш баланс: $948,125
[2026-02-11 21:44:15] [ERROR] Socket error: read ECONNRESET
